#;Indicator_BHS;Indicator_Eng;Focus_Group;Concept;M;F;Y;Total;Code_1;Code_2;Comments;Code 1 ;Subcode 1;Subcat 1 name;Code 2;Subcode 2;Subcat 2 name;Dimension 1;Dimension 2;M-F;Min (M,F,Y);Imp score;Imp-M;Imp-F;Imp-Y;Imp-Cat1;Imp-Cat2
35;Ljudi ne ogovaraju jedni druge;People don’t speak ill of/gossip about others.;men;life together;;6;3;9;6.3;1;;6;3;Social Trust;1;0;Integration and Acceptance;Culture & Society;Culture & Society;-6;3;0.00;0.00;0.00;0.00;0.00;0.00
34;Na Bulevaru, Bošnjaci ne razlikuju po vjeri druge ljude koji tu žive;On Bulevar, Bosniaks do not differentiate by the faith of the different people that live there.;youth;life together;1;2;6;9;6.9;1;;6;9;Ethno-religious identity;1;0;Integration and Acceptance;Culture & Society;Culture & Society;-1;1;0.00;0.00;0.00;0.00;0.00;0.00
210;Stanari zgrade u Cernici su različitih vjeroispovijesti;In Cernica, the building tenants are members of different religious confessions.;women;life together;;;2;2;6.9;1;;6;9;Ethno-religious identity;1;0;Integration and Acceptance;Culture & Society;Culture & Society;0;2;0.00;0.00;0.00;0.00;0.00;0.00
84;Služba za anesteziju, reanimaciju i intenzivnu terapiju Kantonalne bolnice „Dr. Safet Mujić“ Mostar odlično sarađuje sa istim Odjelom na Sveučilišnoj kliničkoj bolnici Mostar, praktično kao jedna služba;The department for anesthesia, resuscitation and intensive care of the Dr. Safet Mujić Cantonal Hospital in Mostar cooperates well with the same Department at the University Clinical Hospital Mostar, practically as one service.;women;life together;2;;3;5;10.8;1;;10;8;Medical;1;0;Integration and Acceptance;Rights & Dignity;Culture & Society;2;2;0.00;0.00;0.00;0.00;0.00;0.00
168;Dan državnosti BiH u Mostaru obilježavaju sve škole;All schools in Mostar mark Statehood Day of Bosnia and Herzegovina.;youth;life together;1;2;;3;19.4;1;;19;4;Student activities;1;0;Integration and Acceptance;Rights & Dignity;Culture & Society;-1;1;0.00;0.00;0.00;0.00;0.00;0.00
295;Ljudi pristojno ukazuju komšijama na stvari koje su pogrešne;People politely point out things to their neighbors that are wrong;men;life together;;1;;1;6.12;1.1;;6;12;Neighbor Relations;1;10;Personal value;Culture & Society;Culture & Society;-1;1;0.00;0.00;0.00;0.00;0.00;0.00
288;Ima pojedinaca među Hrvatima koji žele pomirenje;There are individuals of Croatian nationality who want reconciliation.;youth;life together;;1;;1;7.5;1.3;;7;5;Forgiveness;1;3;Social;Dealing with the Past;Culture & Society;-1;1;0.00;0.00;0.00;0.00;0.00;0.00
327;Zastava Armije BiH je uklonjena s mjesta na kojem Hrvati i Bošnjaci zajednički obilježavaju neku manifestaciju;The Bosnia army flag is removed from the place where Croatian and Bosniak people organize a common event.;youth;life together;1;;;1;8.5;1.3;;8;5;Political Symbols;1;3;Social;Culture & Society;Culture & Society;;;0.00;0.00;0.00;0.00;0.00;0.00
127;U Mostaru postoji zajednička javna biblioteka za obje strane;There is a common public library for both sides in Mostar.;youth;life together;;4;;4;10;1.3;;10;0;Social Programs / Social Services;1;3;Social;Rights & Dignity;Culture & Society;-4;4;0.00;0.00;0.00;0.00;0.00;0.00
291;Na krosu u Mostaru zajedno učestvuju stariji s obje strane grada;Old people from both sides of the city take part in a cross-country race in Mostar;youth;life together;;1;;1;12.3;1.3;;12;3;Activities;1;3;Social;Culture & Society;Culture & Society;-1;1;0.00;0.00;0.00;0.00;0.00;0.00
321;Momak iz Cernice bez straha ide pješke na fakulet na zapadnu stranu;A boy from Cernica walks without fear to college located on the West side.;youth;life together;;1;;1;2.3;2.2;;2;3;Movement;2;2;Confidence;Security;Security;;;0.00;0.00;0.00;0.00;0.00;0.00
44;Ljudi s obje strane grada koji posjećuju Advent nisu samo u prolazu, nego se druže zajedno;People on both sides of the city who visit Advent are not just passing by, but hanging out together;youth;life together;2;4;2;8;11;2.3;;11;0;Socializing;2;3;Movement;Culture & Society;Security;-2;2;0.00;0.00;0.00;0.00;0.00;0.00
322;Učenici Gimnazije zajedno izlaze na obje strane grada;Students from Gimnazija go out on both sides of the city.;women;life together;;1;;1;15.5;2.3;;15;5;Inclusion;2;3;Movement;Culture & Society;Security;;;0.00;0.00;0.00;0.00;0.00;0.00
318;Učenike Bošnjake i Hrvate, koji zajedno pohađaju školu, nije strah prelaziti na drugu stranu;Bosnian and Croatian students that go to the same class, are not afraid to cross over to the other side.;youth;life together;1;;;1;19.3;2.3;;19;3;School inclusiveness;2;3;Movement;Rights & Dignity;Security;;;0.00;0.00;0.00;0.00;0.00;0.00
303;Nedjeljom ujutro se druže komšije u dvorištu;Neighbors are hanging out with one another on Sunday mornings in theit courtyard.;women;life together;;1;;1;6.12;3.1;;6;12;Neighbor Relations;3;10;Open spaces;Culture & Society;Culture & Society;-1;1;0.00;0.00;0.00;0.00;0.00;0.00
236;U Mostaru postoje područja u kojima nema nikakvih simbola;In Mostar, there exist areas in which you cannot find any symbols.;youth;life together;;2;;2;8.5;3.1;;8;5;Political Symbols;3;10;Open spaces;Culture & Society;Culture & Society;-2;2;0.00;0.00;0.00;0.00;0.00;0.00
239;Alkoholičari se ne sakupljaju u parku na Bulevaru;Alcoholics don’t gather at the park in Bulevar.;men;life together;1;1;;2;16.4;3.1;;16;4;Usage;3;10;Open spaces;Rights & Dignity;Culture & Society;0;1;0.00;0.00;0.00;0.00;0.00;0.00
209;Hrvati vole prošetati Cernicom, jer ih podsjeća na mladost;Croatian people love to take walks through Cernica, because it reminds them of their youth;women;life together;;1;1;2;2.3;3.3;;2;3;Movement;3;3;Comfort;Security;Culture & Society;-1;1;0.00;0.00;0.00;0.00;0.00;0.00
39;Zastave Herceg-Bosne se ne koriste kao poruka da Bošnjaci tu nisu dobrodošli;Herceg-Bosna flags are not used as a message that Bosniaks are not welcome. ;youth;life together;2;2;5;9;8.5;3.3;;8;5;Political Symbols;3;3;Comfort;Culture & Society;Culture & Society;0;2;0.00;0.00;0.00;0.00;0.00;0.00
116;Plaže na Neretvi su mjesta okupljanja ljudi svih generacija;The beaches on Neretva are the gathering places for people of all generations.;men;life together;;2;2;4;11;3.5;;11;0;Socializing;3;5;Use of outdoors;Culture & Society;Culture & Society;-2;2;0.00;0.00;0.00;0.00;0.00;0.00
118;Mladi ljudi (studenti) se druže na Neretvi;Young people (students) hang out near the Neretva.;men;life together;2;1;1;4;11;3.5;;11;0;Socializing;3;5;Use of outdoors;Culture & Society;Culture & Society;1;1;0.00;0.00;0.00;0.00;0.00;0.00
164;U Mostaru svi su ljudi prešli preko Starog mosta;All people have crossed over the Old Bridge in Mostar.;youth;life together;1;2;;3;2.3;3.6;;2;3;Movement;3;6;Stari Most;Security;Culture & Society;-1;1;0.00;0.00;0.00;0.00;0.00;0.00
331;Muškarci u Mostaru nisu lijeni da učestvuju u zajedničkim aktivnostima.;Men from Mostar aren’t too lazy to participate in common activities.;women;life together;;1;;1;22.1;3.7;;22;10;Gender norms;3;7;Activities;Culture & Society;Culture & Society;;;0.00;0.00;0.00;0.00;0.00;0.00
123;Zemljište iznad atomskog skloništa na Bulevaru je preuređeno u dječije igralište;The terrain above the nuclear bunker on Bulevar is remodeled into a children’s playground.;women;life together;;1;3;4;3.1;3.8;;3;10;Open spaces;3;8;Historic cultural monuments;Culture & Society;Culture & Society;-1;1;0.00;0.00;0.00;0.00;0.00;0.00
211;Jednom mjesečno komšije se organizuju da čiste dvorište;Once every month neighbors organize to clean their courtyard.;women;life together;1;1;;2;6.12;3.9;;6;12;Neighbor Relations;3;9;Public Ownership;Culture & Society;Culture & Society;0;1;0.00;0.00;0.00;0.00;0.00;0.00
36;Ljudi nisu lijeni da protestvuju protiv stvari koje su loše;People are not lazy to protest against things which are bad.;men;life together;;5;4;9;6.4;3.9;;6;4;Activism;3;9;Public Ownership;Culture & Society;Culture & Society;-5;4;0.00;0.00;0.00;0.00;0.00;0.00
85;Velika ulaganja u čistoću čine da je grad Mostar najčišći, najljepši grad Evrope.;The large investments in the city’s cleanliness is making Mostar the cleanest and most beautiful city of Europe.;women;life together;2;1;2;5;18;3.9;;18;0;Environment;3;9;Public Ownership;Rights & Dignity;Culture & Society;1;1;0.00;0.00;0.00;0.00;0.00;0.00
114;Ljudi ne odlažu građevinski otpad pored kontejnera;People do not dispose of construction waste beside the trash container.;men;life together;1;2;1;4;18;3.9;;18;0;Environment;3;9;Public Ownership;Rights & Dignity;Culture & Society;-1;1;0.00;0.00;0.00;0.00;0.00;0.00
82;Ljudi poštuju pravila o odlaganju krupnog otpada koji se odvozi svake zadnje subote u mjesecu;People respect the rules of disposing of bulky waste that is taken away every last Saturday of the month;men;life together;3;2;;5;18.1;3.9;;18;10;Waste management services;3;9;Public Ownership;Rights & Dignity;Culture & Society;1;2;0.00;0.00;0.00;0.00;0.00;0.00
13;Stanari sa balkona ne bacaju otpad;Tenants do not throw garbage off their balconies.;women;life together;1;5;10;16;18.2;3.9;;18;2;Waste prevention;3;9;Public Ownership;Rights & Dignity;Culture & Society;-4;1;0.00;0.00;0.00;0.00;0.00;0.00
315;Većina djece u Mostaru nisu članovi navijačkih skupina;The majority of children in Mostar are not members of any fan clubs.;youth;life together;;1;;1;15;4.1;;15;0;Youth;4;10;Sport & Hooliganism;Culture & Society;Rights & Dignity;;;0.00;0.00;0.00;0.00;0.00;0.00
336;Maloljetni huligani na Bulevaru plaćaju novčane kazne ako prave nerede;Hooligan minors pay a fine if they start causing trouble in Bulevar.;men;life together;;1;;1;15;4.1;;15;0;Youth;4;10;Sport & Hooliganism;Culture & Society;Rights & Dignity;;;0.00;0.00;0.00;0.00;0.00;0.00
240;Kum, tata i stric ne zataškavaju ako se njihov sin potuče;A child’s godfather, father and uncle do not cover for their son when he gets into a fight.;women;life together;;2;;2;4.4;4.2;;4;4;Violent Crime;4;2;Corruption;Rights & Dignity;Rights & Dignity;-2;2;0.00;0.00;0.00;0.00;0.00;0.00
158;Stranke ne štimaju poslove svojim firmama;Political parties are not arranging jobs in their companies.;men;life together;2;;1;3;9.9;4.2;;9;9;Political parties;4;2;Corruption;Rights & Dignity;Rights & Dignity;2;1;0.00;0.00;0.00;0.00;0.00;0.00
218;HDZ ne obmanjuje narod kako bi time zadržao svoje fotelje;The HDZ (Croatian Democratic Union) does not deceive people in order to keep their seats.;women;life together;;2;;2;9.9;4.2;;9;9;Political parties;4;2;Corruption;Rights & Dignity;Rights & Dignity;-2;2;0.00;0.00;0.00;0.00;0.00;0.00
308;Hotel Ruža u izgradnji ne otuđuje dijelove ulice;Hotel Ruža, which is being built, doesn’t occupy part of the street.;men;life together;;;1;1;17.1;4.2;;17;10;Roads;4;2;Corruption;Economic Activity & Livelihoods;Rights & Dignity;0;1;0.00;0.00;0.00;0.00;0.00;0.00
120;Igrališta se ne uništavaju po noći;At night, playgrounds are not destroyed.;men;life together;2;2;;4;3.8;4.3;;3;8;Historic cultural monuments;4;3;Non-violent Crime;Culture & Society;Rights & Dignity;0;2;0.00;0.00;0.00;0.00;0.00;0.00
217;Policija ne stoji pasivno za vrijeme sukoba;The police don't stand around passively when there's a fight.;men;life together;1;;1;2;5.1;4.4;;5;10;Accountability;4;4;Violent Crime;Armed Actors;Rights & Dignity;1;1;0.00;0.00;0.00;0.00;0.00;0.00
66;"Bulevar više nije linija razgraničenja u glavama ljudi cijelog Mostara, jer nema izraz ""ona strana"". ";"The Bulevar is no longer a line of demarcation in the minds of the people of the whole of Mostar, because there is no expression ""the other side"".";women;life together;2;2;2;6;3.3;6.1;;3;3;Comfort;6;10;Us V Them;Culture & Society;Culture & Society;0;2;0.00;0.00;0.00;0.00;0.00;0.00
55;Roditelji ne usađuju djeci mržnju prema Bošnjacima tako što govore da Bošnjaci ne valjaju;Parents do not instill hatred in their children towards Bosniaks by saying that Bosniaks are not good;youth;life together;2;4;1;7;15.6;6.1;1.28.22;15;6;Parenting;6;10;Us V Them;Culture & Society;Culture & Society;-2;1;0.00;0.00;0.00;0.00;0.00;0.00
22;Otac ne usađuje sinu mržnju prema Hrvatima tako što govori da Hrvati ne valjaju;A father does not instill hatred towards Croats in his son by saying that Croats are not good ;youth;life together;3;3;5;11;19.5;6.1;;19;5;Family-based education;6;10;Us V Them;Rights & Dignity;Culture & Society;0;3;0.00;0.00;0.00;0.00;0.00;0.00
56;Ljudi daju pozitivan primjer svojoj djeci kako da pomažu komšijama (npr. iznošenjem smeća starijih osoba);Parents give their children positive examples of how to help their neighbors (for example, to take out the neighbor’s trash).;men;life together;1;2;4;7;15.6;6.12;1.28.22;15;6;Parenting;6;12;Neighbor Relations;Culture & Society;Culture & Society;-1;1;0.00;0.00;0.00;0.00;0.00;0.00
207;Ljudi otvoreno ukazuju komšijama na stvari koje su pogrešne;People openly point out the things that are wrong to their neighbors.;men;life together;1;1;;2;6.12;6.2;;6;12;Neighbor Relations;6;2;Personal Relationships;Culture & Society;Culture & Society;0;1;0.00;0.00;0.00;0.00;0.00;0.00
205;Ljudi zajedno rješavaju probleme (npr. požar, snijeg) tako da jedni drugima priskoče u pomoć;People solve problems together (for example fire, snow)  and therefore come to each other's aid.;men;life together;1;1;;2;6.10;6.3;;6;10;Us V Them;6;3;Social Trust;Culture & Society;Culture & Society;0;1;0.00;0.00;0.00;0.00;0.00;0.00
147;Ljudi ne rade komšiji ono što ne žele da se radi njima;People don’t do to their neighbors what they don’t want done to them;men;life together;1;2;;3;6.12;6.3;;6;12;Neighbor Relations;6;3;Social Trust;Culture & Society;Culture & Society;-1;1;0.00;0.00;0.00;0.00;0.00;0.00
293;Čovjek iz Cernice zna da će mu komšije pomoći ako je u nevolji;A man from Cernica knows that his neighbor will help him if he’s in trouble.;men;life together;1;;;1;6.12;6.3;;6;12;Neighbor Relations;6;3;Social Trust;Culture & Society;Culture & Society;1;1;0.00;0.00;0.00;0.00;0.00;0.00
297;Ljudi u MZ Cernica se međusobno poznaju;People from the MZ Cernica know each other.;men;life together;1;;;1;6.12;6.3;;6;12;Neighbor Relations;6;3;Social Trust;Culture & Society;Culture & Society;1;1;0.00;0.00;0.00;0.00;0.00;0.00
285;Ljudi koji žive na Bulevaru su u kontaktu s ljudima druge vjeroispovijesti;People who live in Bulevar are in contact with people of a different religious confession.;youth;life together;;;1;1;6.9;6.3;;6;9;Ethno-religious identity;6;3;Social Trust;Culture & Society;Culture & Society;0;1;0.00;0.00;0.00;0.00;0.00;0.00
304;Postoje multietničke porodice gdje jednoj ženi je dedo Hrvat, nena iz begovske porodice iz Cernice, a udata je za Srbina;There are multiethnic families where one woman's is grandfather is Croat, her grandmother is from a bey's family from Cernica, and she is married to a Serb.;women;life together;1;;;1;6.9;6.3;;6;9;Ethno-religious identity;6;3;Social Trust;Culture & Society;Culture & Society;1;1;0.00;0.00;0.00;0.00;0.00;0.00
117;Omladina organizuje radne akcije (npr. čišćenje Neretve) u koje se uključuju i ostali građani;The youth organizes working events (for example, river Neretva clean-up event), in which all citizens participate.;men;life together;1;2;1;4;15.1;6.4;;15;10;Engagement;6;4;Activism;Culture & Society;Culture & Society;-1;1;0.00;0.00;0.00;0.00;0.00;0.00
231;Djeca u „Novom mostu“ nisu koristila telefone, nego su se svi igrali zajedno;Children  in “Novi Most” were all playing with each other instead of using their phones.;youth;life together;;1;1;2;9.7;6.5;;9;7;Citizens' associations;6;5;Technology;Rights & Dignity;Culture & Society;-1;1;0.00;0.00;0.00;0.00;0.00;0.00
149;Svi ljudi odlaze u prodavnicu svojim starijim komšijama;All people go grocery shopping for their older neighbors.;men;life together;;2;1;3;6.12;6.6;;6;12;Neighbor Relations;6;6;Inter-generational Relations;Culture & Society;Culture & Society;-2;1;0.00;0.00;0.00;0.00;0.00;0.00
296;Komšije utječu na djecu tako što im objasne ako nešto pogrešno rade;Neighbors influence children by explaining to them if they are doing something wrong;men;life together;;1;;1;6.12;6.6;;6;12;Neighbor Relations;6;6;Inter-generational Relations;Culture & Society;Culture & Society;-1;1;0.00;0.00;0.00;0.00;0.00;0.00
46;Stariji od 65+ predaju svoje političke funkcije mladima.;Those over 65+ hand over their political functions to young people.;women;life together;1;3;4;8;9;6.6;;9;0;Governance;6;6;Inter-generational Relations;Rights & Dignity;Culture & Society;-2;1;0.00;0.00;0.00;0.00;0.00;0.00
20;Riječi „mi“ i „oni“ se ne upotrebljavaju kad se govori o Bošnjacima i Hrvatima;The words “we” and “them” are not used when one talks about Bosniaks and Croats.;youth;life together;2;6;3;11;6.1;6.8;;6;10;Us V Them;6;8;Language;Culture & Society;Culture & Society;-4;2;0.00;0.00;0.00;0.00;0.00;0.00
57;Djeca se ne degradiraju na osnovu jezika kojim govore;Children are not degraded based on the language they speak;men;life together;1;1;5;7;6.1;6.8;;6;10;Us V Them;6;8;Language;Culture & Society;Culture & Society;0;1;0.00;0.00;0.00;0.00;0.00;0.00
224;Postoji jedan nastavni plan i program, koji se razlikuje samo po jeziku koji učenici pohađaju (bosanski, srpski, hrvatski);There is one curriculum, which differs only in the language that students use (Bosnian, Serbian, Croatian);youth;life together;1;;1;2;19.3;6.8;;19;3;School inclusiveness;6;8;Language;Rights & Dignity;Culture & Society;1;1;0.00;0.00;0.00;0.00;0.00;0.00
232;Na Summer Festu na Kantarevcu su bili zajedno i muslimani, i katolici i pravoslavci.;At the Kantrarovac “Summer Fest”, Muslims, Catholics and Orthodox people were together.;youth;life together;1;;1;2;3.7;6.9;;3;7;Activities;6;9;Ethno-religious identity;Culture & Society;Culture & Society;1;1;0.00;0.00;0.00;0.00;0.00;0.00
329;U Zrinjevcu se organizuju aktivnosti, koje okupljaju ljude svih vjera koji žive u Mostaru;In Zrinjevac, activities are organized for people of all religions that live in Mostar to hang out together.;youth;life together;;;1;1;3.7;6.9;11.2;3;7;Activities;6;9;Ethno-religious identity;Culture & Society;Culture & Society;;;0.00;0.00;0.00;0.00;0.00;0.00
330;Na Red Bull skokove dolaze ljudi iz stranih zemalja, i katolici i muslimani;People all around the world as well as Catholics and Muslims come to see the Mostar Red Bull bridge jumps.;youth;life together;;1;;1;3.7;6.9;;3;7;Activities;6;9;Ethno-religious identity;Culture & Society;Culture & Society;;;0.00;0.00;0.00;0.00;0.00;0.00
300;Stanari zgrade u Cernici čestitaju i nose kolače jedni drugima za Bajram i Božiće;The tenants of the building in Cernica make cakes for their neighbors and congratulate each other on Bajram and Christmas.;women;life together;;;1;1;6.12;6.9;;6;12;Neighbor Relations;6;9;Ethno-religious identity;Culture & Society;Culture & Society;0;1;0.00;0.00;0.00;0.00;0.00;0.00
204;Mladi vide kako se stariji ne razlikuju po vjeri, pa se i oni druže s osobama druge vjere;Young people see that older people do not differentiate on the basis of religion, so they also associate with people of other faiths;youth;life together;1;1;;2;6.6;6.9;;6;6;Inter-generational Relations;6;9;Ethno-religious identity;Culture & Society;Culture & Society;0;1;0.00;0.00;0.00;0.00;0.00;0.00
21;Dječaka Bošnjaka, koji je u Neum išao s djecom Hrvatima iz kluba u kojem je s njima trenirao, hrvatska djeca ne vrijeđaju po vjerskoj osnovi;A Bosniak boy, who went to Neum with Croat children from the club where he trained with them, is not insulted by Croatian children on religious grounds;youth;life together;3;;8;11;15.5;6.9;;15;5;Inclusion;6;9;Ethno-religious identity;Culture & Society;Culture & Society;3;3;0.00;0.00;0.00;0.00;0.00;0.00
28;Kada dječak Bošnjak putuje autobusom s dječacima Hrvatima iz istog klub u kojem zajedno treniraju, oni ne pjevaju hrvatske pjesme koje vrijeđaju dječakovu vjeru;When a Bosniak boy travels by bus with Croat boys from the same club where they train together, they do not sing Croatian songs that insult the boy's faith.;youth;life together;4;;6;10;15.5;6.9;;15;5;Inclusion;6;9;Ethno-religious identity;Culture & Society;Culture & Society;4;4;0.00;0.00;0.00;0.00;0.00;0.00
287;Momku iz Cernice, koji studira na zapadnoj strani, ne smeta kada kolege s fakulteta - Hrvati sviraju hrvatske pjesme;The guy from Cernica, who studies on the west side, doesn't mind when his colleagues from the Croat faculty play Croatian songs;youth;life together;1;;;1;15.5;6.9;;15;5;Inclusion;6;9;Ethno-religious identity;Culture & Society;Culture & Society;1;1;0.00;0.00;0.00;0.00;0.00;0.00
320;Studentica Bošnjakinja je obavila stažiranje u Gradskoj ljekarni bez ikakvih problema;The Bosniak student had finished her internship in the city’s pharmacy without any problems.;women;life together;;;1;1;20.1;6.9;;20;10;Inclusivity;6;9;Ethno-religious identity;Economic Activity & Livelihoods;Culture & Society;;;0.00;0.00;0.00;0.00;0.00;0.00
299;Vlasnik prodavnice Hrvat poštuje radnike Bošnjake koji kupuju u toj prodavnici i nabavlja cigarete Drina za njih;The Croatian owner of the store respects the Bosniak workers who shop in that store and he procures Drina cigarettes for them;men;life together;1;;;1;20.1;6.9;;20;10;Inclusivity;6;9;Ethno-religious identity;Economic Activity & Livelihoods;Culture & Society;1;1;0.00;0.00;0.00;0.00;0.00;0.00
81;Političaru Drašku Stanivukoviću nije bilo dopušteno da dođe na skokove sa Starog mosta jer nije priznao genocid u Srebrenici;The politician Draško Stanivuković wasn’t allowed to attend the Old Bridge jumps because he didn’t acknowledge the Srebrenica genocide.;youth;life together;1;2;2;5;8.4;7;;8;4;Politics;7;0;Legacies of War;Culture & Society;Dealing with the Past;-1;1;0.00;0.00;0.00;0.00;0.00;0.00
238;PTSP (posttraumatski stresni sindrom) se liječi u BiH;PTSD (Post-traumatic stress disorder) is treated in Bosnia and Herzegovina.;women;life together;;2;;2;10.8;7;;10;8;Medical;7;0;Legacies of War;Rights & Dignity;Dealing with the Past;-2;2;0.00;0.00;0.00;0.00;0.00;0.00
111;Hrvati razmišljaju isto kao Bošnjaci i hoće pomirenje;Croatian people think just like Bosnian people in that they want peace.;youth;life together;1;1;2;4;6.9;7.5;;6;9;Ethno-religious identity;7;5;Forgiveness;Culture & Society;Dealing with the Past;0;1;0.00;0.00;0.00;0.00;0.00;0.00
305;"Hrvati ne govore za Bošnjake da su ""balije"".";Croatians don’t use the term „balije“ for Bosniaks.;verifi.;life together;;1;;1;6.8;8;;6;8;Language;8;0;Nationalism;Culture & Society;Culture & Society;-1;1;0.00;0.00;0.00;0.00;0.00;0.00
235;Kosača je napravila kompromis i stavila je samo zastave BiH povodom obilježavanja Dana državnosti BiH;Kosača made a compromise and just Bosnian flags were put up to mark the Statehood Day in Bosnia and Herzegovina.;youth;life together;;1;1;2;9.2;8.5;;9;2;Political accountability;8;5;Political Symbols;Rights & Dignity;Culture & Society;-1;1;0.00;0.00;0.00;0.00;0.00;0.00
59;Kosača kao institucija služi svim građanima Mostara i ispred nje se ne nalazi krst;Kosača is used as an institute for all citizens of Mostar and there is no cross in front of it. ;youth;life together;3;4;;7;14;9;;14;0;Religion;9;0;Governance;Culture & Society;Rights & Dignity;-1;3;0.00;0.00;0.00;0.00;0.00;0.00
220;Muškarci ne drže primat u politici u Mostaru;Men do not hold the lead role in politics in Mostar;women;life together;;;2;2;22.1;9.1;;22;10;Gender norms;9;10;City politics;Culture & Society;Rights & Dignity;0;2;0.00;0.00;0.00;0.00;0.00;0.00
89;Kosača se ne zove „Hrvatski dom Herceg Stjepan Kosača“;Kosača is not called the Croatian center Herceg Stjepan Kosača.;youth;life together;1;2;2;5;6.8;9.2;;6;8;Language;9;2;Political accountability;Culture & Society;Rights & Dignity;-1;1;0.00;0.00;0.00;0.00;0.00;0.00
88;Pored Centra za kulturu ne nalazi se zgrada SDA;The SDA (Party of Democratic Action) office is not located next to the Cultural center.;youth;life together;1;3;1;5;9.9;9.2;;9;9;Political parties;9;2;Political accountability;Rights & Dignity;Rights & Dignity;-2;1;0.00;0.00;0.00;0.00;0.00;0.00
335;Nema navijačkih sukoba pred izbore;There aren't any fan club fights before the elections.;men;life together;;1;;1;4.1;9.3;;4;10;Sport & Hooliganism;9;3;Political functionality;Rights & Dignity;Rights & Dignity;;;0.00;0.00;0.00;0.00;0.00;0.00
312;Stariji od 65+ predaju svoje fotelje kvalifikovanim mladim ljudima, a ne svojim rođacima.;People who are 65 years old or older, are giving their positions to qualified young people and not their relatives.;verifi.;life together;;1;;1;4.2;9.3;;4;2;Corruption;9;3;Political functionality;Rights & Dignity;Rights & Dignity;;;0.00;0.00;0.00;0.00;0.00;0.00
310;Ljudi pokazuju građanski neposluh prema političkoj eliti;People show civil disobedience to the political elite;women;life together;1;;;1;6.4;9.3;Maybe civil disobedience subcategory?;6;4;Activism;9;3;Political functionality;Culture & Society;Rights & Dignity;1;1;0.00;0.00;0.00;0.00;0.00;0.00
221;U Cernici postoji Mjesna zajednica koja radi;In Cernica there is a local MZ that works.;women;life together;2;2;;4;9.6;9.3;;9;6;Mjesna zajednica;9;3;Political functionality;Rights & Dignity;Rights & Dignity;0;2;0.00;0.00;0.00;0.00;0.00;0.00
215;Politička volja je promijenila obrazovni sistem, pa se osobe jedne nacionalnosti kroz školovanje sreću s osobama druge nacionalnosti;Political will changed the educational system, that’s why people from different nationalities meet each other in school.;youth;life together;1;;1;2;19.3;9.5;;19;3;School inclusiveness;9;5;Political coexistence;Rights & Dignity;Rights & Dignity;1;1;0.00;0.00;0.00;0.00;0.00;0.00
309;MZ je institucija koja će pokrenuti inicijativu za rješavanje problema;The local MZ will begin initiatives for solving problems.;men;life together;;;1;1;9.3;9.6;;9;3;Political functionality;9;6;Mjesna zajednica;Rights & Dignity;Rights & Dignity;0;1;0.00;0.00;0.00;0.00;0.00;0.00
126;OKC Abrašević organizuje izložbe za sve osobe (miješana publika);“OKC Abrašević” organizes exhibitions for everybody (a mixed public).;women;life together;;2;2;4;1;9.7;;1;0;Integration and Acceptance;9;7;Citizens' associations;Culture & Society;Rights & Dignity;-2;2;0.00;0.00;0.00;0.00;0.00;0.00
86;NVO organizuje zajedničke zimske i ljetne kampove na planinama i jezerima BiH;NGOs organize common winter and summer camps at mountains and lakes.;women;life together;;2;3;5;3.5;9.7;;3;5;Use of outdoors;9;7;Citizens' associations;Culture & Society;Rights & Dignity;-2;2;0.00;0.00;0.00;0.00;0.00;0.00
87;OKC Abrašević organizuje svakodnevna druženja za sve osobe (miješana publika);OKC Abrašević organizes daily social events for everybody (a mixed public).;women;life together;;2;3;5;11;9.7;;11;0;Socializing;9;7;Citizens' associations;Culture & Society;Rights & Dignity;-2;2;0.00;0.00;0.00;0.00;0.00;0.00
80;U organizaciji „Novi most“ djeca Bošnjaci, Hrvati, Srbi su zajedno išli na izlete na Kravice;In the association Novi Most Bosnian, Croatian and Serbian children went together on a trip to Kravice.;youth;life together;1;1;3;5;15.5;9.7;;15;5;Inclusion;9;7;Citizens' associations;Culture & Society;Rights & Dignity;0;1;0.00;0.00;0.00;0.00;0.00;0.00
110;Djeca Bošnjaci i Hrvati, koji su se družili u „Novom mostu“ i sad se lijepo ispričaju kad se vide na ulici;Bosnian and Croatian children who met at the association Novi Most, to this day start talk to each other nicely when they meet on the street.;youth;life together;;2;2;4;15.5;9.7;;15;5;Inclusion;9;7;Citizens' associations;Culture & Society;Rights & Dignity;-2;2;0.00;0.00;0.00;0.00;0.00;0.00
286;Djeci Bošnjacima, Hrvatima, Srbima nije bilo bitno gdje idu na izlet s organizacijom „Novi most“;Bosniak, Croatian and Serbian children didn’t mind where they went on an outing with the organization “Novi Most”.;youth;life together;;1;;1;15.5;9.7;;15;5;Inclusion;9;7;Citizens' associations;Culture & Society;Rights & Dignity;-1;1;0.00;0.00;0.00;0.00;0.00;0.00
323;Na Bulevaru je napravljena neka organizacija slična „Novom mostu“, koja ujedinjuje mlade iz oba dijela grada;An association similar to “Novi Most” is established in Bulevar, which unites the youth from both sides of the city.;youth;life together;;;1;1;15.5;9.7;;15;5;Inclusion;9;7;Citizens' associations;Culture & Society;Rights & Dignity;;;0.00;0.00;0.00;0.00;0.00;0.00
121;Postoji dovoljno šahtova za oborinske vode na Korzu pa ulice ne plivaju kada padne kiša;There are enough drains for rainwater on Korzo so the streets do not swim when it rains;men;life together;1;;3;4;17.1;10.6;;17;10;Roads;10;6;Public utilities;Economic Activity & Livelihoods;Rights & Dignity;1;1;0.00;0.00;0.00;0.00;0.00;0.00
25;Postoji više kanti za otpad po Bulevaru i Cernici;More trash bins exist in Bulevar and Cernica.;women;life together;4;4;3;11;18.1;10.6;;18;10;Waste management services;10;6;Public utilities;Rights & Dignity;Rights & Dignity;0;3;0.00;0.00;0.00;0.00;0.00;0.00
307;Ljudi mogu ostaviti smeće ispred svojih kuća u određeno vrijeme i to se odvozi organizovano;At the assigned time, people can leave their trash bags in front of their houses which is later taken away by the utility service.;men;life together;;1;;1;18.1;10.6;;18;10;Waste management services;10;6;Public utilities;Rights & Dignity;Rights & Dignity;-1;1;0.00;0.00;0.00;0.00;0.00;0.00
83;Vlasnici pasa ne dopuštaju svojim psima da vrše nuždu po sokacima;Dog owners do not let their dogs relieve themselves around the neighborhood.;men;life together;3;2;;5;3.9;10.7;;3;9;Public Ownership;10;7;Animals;Culture & Society;Rights & Dignity;1;2;0.00;0.00;0.00;0.00;0.00;0.00
113;Ljudi imaju sadržaje koje ih povezuju, kao npr. igrališta;People have content (place / activity) that connects them, such as playgrounds;men;life together;1;2;1;4;3.1;11;;3;10;Open spaces;11;0;Socializing;Culture & Society;Culture & Society;-1;1;0.00;0.00;0.00;0.00;0.00;0.00
167;Učesnici kvizova, koje je organizovao „Novi most“, su za nagradu zajedno išli na palačinke;Contestants of the quiz, organized by the association “Novi Most” go together to eat pancakes as a reward.;youth;life together;;2;1;3;9.7;11;;9;7;Citizens' associations;11;0;Socializing;Rights & Dignity;Culture & Society;-2;1;0.00;0.00;0.00;0.00;0.00;0.00
213;Sportska dvorana u Mostaru je izgrađena da bude mjesto okupljanja mladih;A sports hall is built as a place to gather youth in Mostar.;men;life together;1;1;;2;12.1;11;;12;10;Access to facilities;11;0;Socializing;Culture & Society;Culture & Society;0;1;0.00;0.00;0.00;0.00;0.00;0.00
301;Djeca Bulevara se svaki dan igraju zajedno na dvorištu;The children from Bulevar are playing in the courtyard every day.;women;life together;;1;;1;15;11.1;;15;0;Youth;11;10;Cafes and Space;Culture & Society;Culture & Society;-1;1;0.00;0.00;0.00;0.00;0.00;0.00
18;Mladi ljudi, bez obzira na to iz kojeg su dijela Mostara, izlaze na ista mjesta – u Mepas;No matter in what part of Mostar they live in, young people go out to the same place: Mepas mall.;women;life together;3;4;5;12;15.5;11.1;;15;5;Inclusion;11;10;Cafes and Space;Culture & Society;Culture & Society;-1;3;0.00;0.00;0.00;0.00;0.00;0.00
119;Mlade žene sa Bulevara idu grupno na kafu na Bulevar;Young women from Bulevar go together to a café on Bulevar.;women;life together;;3;1;4;22;11.1;;22;0;Gender;11;10;Cafes and Space;Culture & Society;Culture & Society;-3;1;0.00;0.00;0.00;0.00;0.00;0.00
237;Događaji, koje u Mostaru organizuje Grad, privlače ljude i s jedne i s druge strane;The events that the city of Mostar organizes attracts people from one side and the other.;youth;life together;2;;;2;6.9;11.2;;6;9;Ethno-religious identity;11;2;Social;Culture & Society;Culture & Society;2;2;0.00;0.00;0.00;0.00;0.00;0.00
156;MZ organiziraju razgovore u komšiluku gdje se ljudi upoznaju i druže;The MZ organizes conversations in the neighborhood where people meet and socialize;men;life together;2;;1;3;9.6;11.2;;9;6;Mjesna zajednica;11;2;Social;Rights & Dignity;Culture & Society;2;1;0.00;0.00;0.00;0.00;0.00;0.00
208;Djeca ne slušaju samo hrvatski jezik na radiju;Children don’t hear just Croatian language on the radio.;men;life together;1;;1;2;6.8;13.1;;6;8;Language;13;10;Traditional;Culture & Society;Culture & Society;1;1;0.00;0.00;0.00;0.00;0.00;0.00
152;U Mostaru se ljudi ne svađaju zbog religije;People in Mostar don't fight because of religion.;youth;life together;2;1;;3;1;14;;1;0;Integration and Acceptance;14;0;Religion;Culture & Society;Culture & Society;1;1;0.00;0.00;0.00;0.00;0.00;0.00
153;Krstovi se ne koriste kako bi se obilježila „svoja“ teritorija unutar države;"Crosses are not used to mark one's ""own"" territory within a state";youth;life together;1;1;1;3;8.5;14;;8;5;Political Symbols;14;0;Religion;Culture & Society;Culture & Society;0;1;0.00;0.00;0.00;0.00;0.00;0.00
155;Postoje igrališta za djecu;There is a playground for children.;men;life together;2;1;;3;3.1;15;;3;10;Open spaces;15;0;Youth;Culture & Society;Culture & Society;1;1;0.00;0.00;0.00;0.00;0.00;0.00
38;Više djece ide u Američki kutak, jer ne razmišljaju da li moraju nešto znati za to;More children go to the American corner, because they don't think they have to know something about that.;youth;life together;2;1;6;9;19.2;15;;19;2;Non school based education;15;0;Youth;Rights & Dignity;Culture & Society;1;1;0.00;0.00;0.00;0.00;0.00;0.00
206;Psi ne vrše nuždu na mjestima gdje se igraju djeca;Dogs do not relieve themselves in places where children play.;men;life together;1;1;;2;10.7;15.3;;10;7;Animals;15;3;Health;Rights & Dignity;Culture & Society;0;1;0.00;0.00;0.00;0.00;0.00;0.00
151;Djeca u Mostaru ne pričaju o tome ko je Srbin, ko je Hrvat, ko je Bošnjak;Children in Mostar do not talk about whether someone is a Serb, a Croat or a Bosniak.;women;life together;1;2;;3;6.9;15.5;;6;9;Ethno-religious identity;15;5;Inclusion;Culture & Society;Culture & Society;-1;1;0.00;0.00;0.00;0.00;0.00;0.00
201;Momak iz Cernice shvata da kolege s fakulteta Hrvati ne vrijeđaju njega, nego da moraju veličati svoje;A young man from Cernica realizes that his colleagues from the Croat university are not insulting him, but that are glorifying their own group.;youth;life together;;;2;2;6.9;15.5;;6;9;Ethno-religious identity;15;5;Inclusion;Culture & Society;Culture & Society;0;2;0.00;0.00;0.00;0.00;0.00;0.00
313;Gradske institucije imaju sredstva za organizaciju redovnih druženja za mlade različitih nacionalnosti;City institutions have the funds to organize regular gatherings for young people of different nationalities;women;life together;1;;;1;9.8;15.5;;9;8;Access to public funds;15;5;Inclusion;Rights & Dignity;Culture & Society;;;0.00;0.00;0.00;0.00;0.00;0.00
214;Kantarevac je besplatan za sve mlade;“Kantarevac” is free for all young people.;women;life together;2;;;2;12.2;15.5;;12;2;Public support for sports;15;5;Inclusion;Culture & Society;Culture & Society;2;2;0.00;0.00;0.00;0.00;0.00;0.00
233;Na robotici kod Aldija na Rondou, Petra, Luka, Amar i druga djeca zajedno kao tim u programiraju;On Rondo, near the “Aldi” restaurant, Petra, Luka, Amar and other children were learning how to program together as a team in the Robotics course.;youth;life together;;2;;2;19.2;15.5;;19;2;Non school based education;15;5;Inclusion;Rights & Dignity;Culture & Society;-2;2;0.00;0.00;0.00;0.00;0.00;0.00
317;Učenici Bošnjaci i Hrvati, koji zajedno pohađaju školu, vide da nema razlike između jednih i drugih;Bosnian and Croatian students that go to the same class, notice that there are no differences between them.;youth;life together;;;1;1;19.3;15.5;;19;3;School inclusiveness;15;5;Inclusion;Rights & Dignity;Culture & Society;;;0.00;0.00;0.00;0.00;0.00;0.00
112;Učenik, koji je u Vijeću učenika osnovne škole učestvovao na igrama zajedno s osobama s invaliditetom, naučio je da su svi ljudi isti;A student, who’s on the student council, learned that all the people are the same while participating in various games with physically disabled people.;youth;life together;;1;3;4;19.4;15.5;;19;4;Student activities;15;5;Inclusion;Rights & Dignity;Culture & Society;-1;1;0.00;0.00;0.00;0.00;0.00;0.00
226;Učenici Bošnjaci i Hrvati iz Mostara idu zajedno na izlete;Bosniak and Croatian students go on outings together.;youth;life together;;;2;2;19.4;15.5;;19;4;Student activities;15;5;Inclusion;Rights & Dignity;Culture & Society;0;2;0.00;0.00;0.00;0.00;0.00;0.00
203;Momak koji je na susretima Vijeća učenika iz Mostara prvi put pričao s učenikom sa zapadne strane je shvatio da su svi ljudi bukvalno isti;They young man who talked to a student from the west for the first time at the meetings of the Student Council from Mostar realized that all people are literally the same;youth;life together;1;1;;2;19.4;15.5;;19;4;Student activities;15;5;Inclusion;Rights & Dignity;Culture & Society;0;1;0.00;0.00;0.00;0.00;0.00;0.00
290;Učenik UWC smatra kolegu iz razreda prijateljem s kojim zajedno radi zadaću iz matematike, a ne Hrvatom ili Srbinom;A student in UWC considers his colleague from class with whom he does his math homework as a friend and not as a Croat or Serb.;youth;life together;;1;;1;19.4;15.5;;19;4;Student activities;15;5;Inclusion;Rights & Dignity;Culture & Society;-1;1;0.00;0.00;0.00;0.00;0.00;0.00
165;Roditelji svoju djecu vode svuda po gradu – na obje strane grada;Parents take their children everywhere in the city: on both sides of the city.;women;life together;;2;1;3;2.3;15.6;1.28.22;2;3;Movement;15;6;Parenting;Security;Culture & Society;-2;1;0.00;0.00;0.00;0.00;0.00;0.00
159;Roditelji znaju da će njihovo dijete i prekosutra imati šta da jede;Parents know that their child will have something to eat, even the day after tomorrow.;women;life together;;1;2;3;20.8;15.6;1.28.22;20;8;Livelihoods;15;6;Parenting;Economic Activity & Livelihoods;Culture & Society;-1;1;0.00;0.00;0.00;0.00;0.00;0.00
9;Ljudi su obaviješteni o pravilima odvoza krupnog otpada putem oglasne ploče u svakoj zgradi;People are informed about the rules for the removal of bulky waste through bulletin boards in each building;men;life together;5;9;4;18;10.4;18.1;;10;4;Public information;18;10;Waste management services;Rights & Dignity;Rights & Dignity;-4;4;0.00;0.00;0.00;0.00;0.00;0.00
26;4 komunalna preduzeća čine da je grad Mostar najčišći, najljepši grad Evrope;Mostar is the cleanest and the most beautiful city in Europe because of its four utility companies.;women;life together;2;3;5;10;10.6;18.1;;10;6;Public utilities;18;10;Waste management services;Rights & Dignity;Rights & Dignity;-1;2;0.00;0.00;0.00;0.00;0.00;0.00
228;U školama u Mostaru se na časovima historije uči o ratu 1992-1995 u BiH;Students learn about the war (1992-1995) that happened in Bosnia and Herzegovina in their history classes.;youth;life together;2;;;2;7.3;19;;7;3;Education;19;0;Education;Dealing with the Past;Rights & Dignity;2;2;0.00;0.00;0.00;0.00;0.00;0.00
166;U edukacijski Američki kutak idu bolji učenici, koji shvataju situaciju u Mostaru;Better students, who understand the situation in Mostar, go to the educational American corner.;youth;life together;;;3;3;15;19.2;;15;0;Youth;19;2;Non school based education;Culture & Society;Rights & Dignity;0;3;0.00;0.00;0.00;0.00;0.00;0.00
125;U Rock školi u Mostaru su zajedno u bendu učenici Bošnjaci i Hrvati, i učenici s koledža;At the Rock School in Mostar, Bosniaks and Croats and students from the United World College are in a band together.;youth;life together;;3;1;4;15.5;19.2;;15;5;Inclusion;19;2;Non school based education;Culture & Society;Rights & Dignity;-3;1;0.00;0.00;0.00;0.00;0.00;0.00
234;Djeca s obje strane grada koja idu na robotiku zajedno se igraju čitav dan;Children from both sides of the city that attend the Robotics course play with each other all day long.;youth;life together;;;2;2;15.5;19.2;;15;5;Inclusion;19;2;Non school based education;Culture & Society;Rights & Dignity;0;2;0.00;0.00;0.00;0.00;0.00;0.00
324;Američki kutak organizuje razne radionice za mlade i s jedne i druge strane;The American corner organizes various workshops for the youth from both sides.;youth;life together;;1;;1;15.5;19.2;;15;5;Inclusion;19;2;Non school based education;Culture & Society;Rights & Dignity;;;0.00;0.00;0.00;0.00;0.00;0.00
202;Momak nije prvi put imao priliku da priča s nekim od učenika koji ide na zapadnu stranu u školu, kada je išao na susrete s Vijećem učenika iz Mostara;It wasn’t the young man's first time to talk to someone that goes to another school on the West side of Mostar, when he went on meetings with the student council.;youth;life together;;1;1;2;15.5;19.4;;15;5;Inclusion;19;4;Student activities;Culture & Society;Rights & Dignity;-1;1;0.00;0.00;0.00;0.00;0.00;0.00
325;Članovi robotike su pobijedili na Olimpijadi;The members of the Robotics course have won the Olympics.;youth;life together;;;1;1;19.2;19.4;;19;2;Non school based education;19;4;Student activities;Rights & Dignity;Rights & Dignity;;;0.00;0.00;0.00;0.00;0.00;0.00
227;Na UWC djeca Bošnjaci, Srbi i Hrvati rade matematiku zajedno da dobiju dobru ocjenu;At United World College, Bosniak, Serbian and Croatian students help each other with mathematics to get good grades.;youth;life together;;;2;2;19.3;19.4;;19;3;School inclusiveness;19;4;Student activities;Rights & Dignity;Rights & Dignity;0;2;0.00;0.00;0.00;0.00;0.00;0.00
311;Mladi ljekari iz Kantonalne bolnice stažiraju na SKB Mostar;Young doctors from the Cantonal hospital are interns in SKB Mostar (University Clinical Hospital of Mostar).;women;life together;;;1;1;10.8;20.1;;10;8;Medical;20;10;Inclusivity;Rights & Dignity;Economic Activity & Livelihoods;0;1;0.00;0.00;0.00;0.00;0.00;0.00
302;Radni raspored ne smanjuje vrijeme za druženje s komšijama;One's work schedule does not shorten the time available for neighbors to socialize with each other.;women;life together;;1;;1;6.12;20.3;;6;12;Neighbor Relations;20;3;Workers protection and rights;Culture & Society;Economic Activity & Livelihoods;-1;1;0.00;0.00;0.00;0.00;0.00;0.00
333;Prodaju se lokalni proizvodi za turiste;Local products are sold to tourists.;men;life together;;1;;1;20.9;20.6;;20;9;Tourism;20;6;Small businesses;Economic Activity & Livelihoods;Economic Activity & Livelihoods;;;0.00;0.00;0.00;0.00;0.00;0.00
222;Sve kompanije u Mostaru slijede primjer MO-Bus-a što se tiče redovnog plaćanja radnika;In Mostar, MO-Bus regularly pays its workers and all companies follow that example.;women;life together;;;2;2;20.3;20.8;;20;3;Workers protection and rights;20;8;Livelihoods;Economic Activity & Livelihoods;Economic Activity & Livelihoods;0;2;0.00;0.00;0.00;0.00;0.00;0.00
314;Nijedna kompanija u Mostaru nema duga prema svojim radnicima;In Mostar, there aren’t any companies that owe payments to their workers.;women;life together;;1;;1;20.3;20.8;;20;3;Workers protection and rights;20;8;Livelihoods;Economic Activity & Livelihoods;Economic Activity & Livelihoods;;;0.00;0.00;0.00;0.00;0.00;0.00
154;Postojeća igrališta nisu pretvorena u parkinge;Existing playgrounds are not used as parking lots.;men;life together;;;3;3;3.1;21.1;;3;10;Open spaces;21;10;Parking;Culture & Society;Culture & Society;0;3;0.00;0.00;0.00;0.00;0.00;0.00
90;Problem huligana je riješen po uzoru na Englesku novčanim kaznama.;The problem of hooligans is solved following England's model with fines.;men;life together;5;;;5;4.1;;;4;10;Sport & Hooliganism;0;0;0;Rights & Dignity;0.00;5;5;0.00;0.00;0.00;0.00;0.00;0.00
223;Mladi navijači se ne dogovaraju da se tuku;Young football fans don’t arrange when they’re going to fight.;women;life together;1;;1;2;4.1;;;4;10;Sport & Hooliganism;0;0;0;Rights & Dignity;0.00;1;1;0.00;0.00;0.00;0.00;0.00;0.00
58;Policija čuva javni red i mir;Public order and peace are being secured by the police.;men;life together;2;2;3;7;5;;;5;0;Police;0;0;0;Armed Actors;0.00;0;2;0.00;0.00;0.00;0.00;0.00;0.00
157;U svakom naselju postoji dežurni policajac pozornik;There is an on duty police officer in every community.;men;life together;1;2;;3;5.3;;;5;3;Interactions;0;0;0;Armed Actors;0.00;-1;1;0.00;0.00;0.00;0.00;0.00;0.00
334;Stanovnici na Bulevaru pozivaju policiju po potrebi;When needed, the tenants in Bulevar call the police.;men;life together;1;;;1;5.3;;;5;3;Interactions;0;0;0;Armed Actors;0.00;;;0.00;0.00;0.00;0.00;0.00;0.00
319;Postoje sociološka istraživanja o ponašanju našeg naroda.;There exists socialogical research regarding the behavior of our people (from Bosnia and Herzegovina).;women;life together;;1;;1;6;;;6;0;Social Relations;0;0;0;Culture & Society;0.00;;;0.00;0.00;0.00;0.00;0.00;0.00
115;Svi ljudi pomažu svojim komšijama u obavljanju svkodnevnih obveza;All people help their neighbors in carrying out their daily duties.;verifi.;life together;;3;1;4;6.12;;;6;12;Neighbor Relations;0;0;0;Culture & Society;0.00;-3;1;0.00;0.00;0.00;0.00;0.00;0.00
148;Komšije se lijepo pozdravljaju kada se sretnu na ulici;Neighbors nicely greet each other when they meet on the street.;men;life together;;1;2;3;6.12;;;6;12;Neighbor Relations;0;0;0;Culture & Society;0.00;-1;1;0.00;0.00;0.00;0.00;0.00;0.00
292;Komšija je čovjeku iz Cernice 2012. pomogao da spasi kuću od požara;In 2012, a neighbor from Cernica helped a man to save his house from a fire.;men;life together;;1;;1;6.12;;;6;12;Neighbor Relations;0;0;0;Culture & Society;0.00;-1;1;0.00;0.00;0.00;0.00;0.00;0.00
298;Ljudi u zgradi svi priskoče u pomoć kada neko umre;The people in the building all come to help when someone dies;men;life together;1;;;1;6.12;;;6;12;Neighbor Relations;0;0;0;Culture & Society;0.00;1;1;0.00;0.00;0.00;0.00;0.00;0.00
45;Ljudi u Mostaru se nisu otuđili jedni od drugih;People in Mostar have not become alienated from each other;men;life together;1;2;5;8;6.3;;;6;3;Social Trust;0;0;0;Culture & Society;0.00;-1;1;0.00;0.00;0.00;0.00;0.00;0.00
332;Nije potrebno da starije generacije izumru da se prestane pričati o ratu;It isn't necessary that older generations die off in order for us to stop talking about the war.;women;life together;;1;;1;7;;;7;0;Legacies of War;0;0;0;Dealing with the Past;0.00;;;0.00;0.00;0.00;0.00;0.00;0.00
150;U Cernici postoji obilježje poginulim borcima;There is a monument for the fallen soldiers in Cernica.;men;life together;2;1;;3;7.1;;;7;10;Memorialization;0;0;0;Dealing with the Past;0.00;1;1;0.00;0.00;0.00;0.00;0.00;0.00
122;Objekti na bivšoj liniji razdvajanja su obnovljeni;The objects (buildings) on the former separation line have been renovated;men;life together;2;1;1;4;7.7;;;7;7;Infrastructure;0;0;0;Dealing with the Past;0.00;1;1;0.00;0.00;0.00;0.00;0.00;0.00
212;Objekat na Bulevaru porušen u ratu (Jagnje, Čorba, Petica) je obnovljen;The buildings on Bulevar that were demolished in the war (“Jagnje”, “Čorba”, “Petica”) are reconstructed.;men;life together;;2;;2;7.7;;;7;7;Infrastructure;0;0;0;Dealing with the Past;0.00;-2;2;0.00;0.00;0.00;0.00;0.00;0.00
2;U Mostaru ne postoje zastave Herceg-Bosne.;There are no Herceg-Bosna flags in Mostar.;verifi.;life together;8;11;18;37;8.5;;;8;5;Political Symbols;0;0;0;Culture & Society;0.00;-3;8;0.00;0.00;0.00;0.00;0.00;0.00
328;Na istočnoj strani nema zastava s ljiljanima;There aren’t any flags with lilies on the East side.;youth;life together;;;1;1;8.5;;;8;5;Political Symbols;0;0;0;Culture & Society;0.00;;;0.00;0.00;0.00;0.00;0.00;0.00
124;Komunalna policija radi svoj posao.;The communal police does their job.;men;life together;1;1;2;4;9;;;9;0;Governance;0;0;0;Rights & Dignity;0.00;0;1;0.00;0.00;0.00;0.00;0.00;0.00
216;Postoji dovoljno komunalnih policajaca;There are enough communal police officers.;men;life together;1;;1;2;9;;;9;0;Governance;0;0;0;Rights & Dignity;0.00;1;1;0.00;0.00;0.00;0.00;0.00;0.00
219;Ljudi mijenjaju društvenu situaciju svojim glasovima na izborima;People change the social situation with their votes on elections.;women;life together;1;;1;2;9.3;;;9;3;Political functionality;0;0;0;Rights & Dignity;0.00;1;1;0.00;0.00;0.00;0.00;0.00;0.00
326;Izviđači organizuju druženja i za mlade i za starije.;The scouts organize social events for the youth and the elderly.;women;life together;;1;;1;9.7;;;9;7;Citizens' associations;0;0;0;Rights & Dignity;0.00;;;0.00;0.00;0.00;0.00;0.00;0.00
294;Ljudi na Bulevaru imaju mjesto okupljanja i druženja (kafić/fronta);"People in Bulevar have a place to gather and socialize (a café/ “fronta"")";men;life together;1;;;1;11.1;;fronta' is a type of prewar cafe in the MZ that is frequented only by men;11;10;Cafes and Space;0;0;0;Culture & Society;0.00;1;1;0.00;0.00;0.00;0.00;0.00;0.00
163;Novinari ne prenose pogrešno izjave građana;Journalists don’t spread false statements made by citizens.;men;life together;;2;1;3;13.1;;;13;10;Traditional;0;0;0;Culture & Society;0.00;-2;1;0.00;0.00;0.00;0.00;0.00;0.00
306;Postoje vjerske institucije sve tri religije u blizini;There exist faith-based institutions for all three religions close to one another.;men;life together;1;;;1;14.4;;;14;4;Religious buildings;0;0;0;Culture & Society;0.00;1;1;0.00;0.00;0.00;0.00;0.00;0.00
24;Na Bulevaru i Cernici ceste nisu pune rupa;There roads are not full of holes in Bulevar and Cernica.;women;life together;4;4;3;11;17.1;;;17;10;Roads;0;0;0;Economic Activity & Livelihoods;0.00;0;3;0.00;0.00;0.00;0.00;0.00;0.00
23;Asfalt u Cernici je kvalitetno postavljen i ne stvara se buka od šahtova koji se pomiču;The asphalt in Cernica is well laid and there is no noise from loose manhole covers.;men;life together;5;3;3;11;17.1;;;17;10;Roads;0;0;0;Economic Activity & Livelihoods;0.00;2;3;0.00;0.00;0.00;0.00;0.00;0.00
1;Postavljena fasada na zgradi BNR 35;The facade of building BNR 35 is installed.;verifi.;life together;27;43;6;76;17.4;;this is the only building that was not destroyed during the war because women put out fires that started in it. But it is also the only building whose facade is not reconstructed;17;4;Buildings;0;0;0;Economic Activity & Livelihoods;0.00;-16;6;0.00;0.00;0.00;0.00;0.00;0.00
37;Učenici Bošnjaci i Hrvati idu zajedno u jedan razred;Bosnian and Croatian students go together to the same class.;youth;life together;4;2;3;9;19.3;;;19;3;School inclusiveness;0;0;0;Rights & Dignity;0.00;2;2;0.00;0.00;0.00;0.00;0.00;0.00
161;Učenici Bošnjaci i Hrvati iz Mostara idu zajedno na maturu;Bosnian and Croatian students go together to a graduation ceremony in Mostar.;youth;life together;;;3;3;19.3;;;19;3;School inclusiveness;0;0;0;Rights & Dignity;0.00;0;3;0.00;0.00;0.00;0.00;0.00;0.00
160;Razredi u školi nisu podijeljeni na hrvatski i bosanski nastavni plan i program;Classes in school are not divided by Croatian and Bosnian curricula.;youth;life together;2;;1;3;19.3;;;19;3;School inclusiveness;0;0;0;Rights & Dignity;0.00;2;1;0.00;0.00;0.00;0.00;0.00;0.00
162;Na časove informatike u Gimnaziji idu zajedno učenici i s jednog i s drugog programa;Students from both curricula go to computer science classes at the Gymnasium together;youth;life together;2;;1;3;19.3;;;19;3;School inclusiveness;0;0;0;Rights & Dignity;0.00;2;1;0.00;0.00;0.00;0.00;0.00;0.00
225;U Mostaru postoji samo po jedna od svake srednje škole;There is only one of each type of high school in Mostar.;youth;life together;1;;1;2;19.3;;;19;3;School inclusiveness;0;0;0;Rights & Dignity;0.00;1;1;0.00;0.00;0.00;0.00;0.00;0.00
289;UWC (Koledž ujedinjenog svijeta) je primjer kakva bi škola morala biti, jer na njega zajedno idu djeca i Srbi, i Hrvati i Bošnjaci;UWC (United World College) is an example of how a school should be, because there, Serbian, Croatian and Bosnian children are together.;youth;life together;;;1;1;19.3;;;19;3;School inclusiveness;0;0;0;Rights & Dignity;0.00;0;1;0.00;0.00;0.00;0.00;0.00;0.00
316;Sve srednje škole u Mostaru imaju jedinstveni nastavni plan i program;All high schools in Mostar have a single cuririculum.;youth;life together;1;;;1;19.3;;;19;3;School inclusiveness;0;0;0;Rights & Dignity;0.00;;;0.00;0.00;0.00;0.00;0.00;0.00
229;Učenicima koji se tuku u školama smanjuje se vladanje;Students who fight in schools get marked down for misbehaviour;youth;life together;;2;;2;19.6;;;19;6;School behavior;0;0;0;Rights & Dignity;0.00;-2;2;0.00;0.00;0.00;0.00;0.00;0.00
230;Učenici koji se tuku u školama izbacuju se iz škola;Students that start fighting in school are expelled.;women;life together;;;2;2;19.6;;;19;6;School behavior;0;0;0;Rights & Dignity;0.00;0;2;0.00;0.00;0.00;0.00;0.00;0.00
;;;;;;;;;;;;0;0;0;0;0;0;0.00;0.00;;;0.00;0.00;0.00;0.00;0.00;0.00
;;;;;;;;;;;;0;0;0;0;0;0;0.00;0.00;;;0.00;0.00;0.00;0.00;0.00;0.00
;;;;;;;;;;;;0;0;0;0;0;0;0.00;0.00;;;0.00;0.00;0.00;0.00;0.00;0.00
;;;;;;;;;;;;0;0;0;0;0;0;0.00;0.00;;;0.00;0.00;0.00;0.00;0.00;0.00
;;;;;;;;;;;;0;0;0;0;0;0;0.00;0.00;;;0.00;0.00;0.00;0.00;0.00;0.00
;;;;;;;;;;;;0;0;0;0;0;0;0.00;0.00;;;0.00;0.00;0.00;0.00;0.00;0.00
;;;;;;;;;;;;0;0;0;0;0;0;0.00;0.00;;;0.00;0.00;0.00;0.00;0.00;0.00
;;;;;;;;;;;;0;0;0;0;0;0;0.00;0.00;;;0.00;0.00;0.00;0.00;0.00;0.00
;;;;;;;;;;;;0;0;0;0;0;0;0.00;0.00;;;0.00;0.00;0.00;0.00;0.00;0.00
;;;;;;;;;;;;0;0;0;0;0;0;0.00;0.00;;;0.00;0.00;0.00;0.00;0.00;0.00
;;;;;;;;;;;;0;0;0;0;0;0;0.00;0.00;;;0.00;0.00;0.00;0.00;0.00;0.00
;;;;;;;;;;;;0;0;0;0;0;0;0.00;0.00;;;0.00;0.00;0.00;0.00;0.00;0.00
;;;;;;;;;;;;0;0;0;0;0;0;0.00;0.00;;;0.00;0.00;0.00;0.00;0.00;0.00
;;;;;;;;;;;;0;0;0;0;0;0;0.00;0.00;;;0.00;0.00;0.00;0.00;0.00;0.00
;;;;;;;;;;;;0;0;0;0;0;0;0.00;0.00;;;0.00;0.00;0.00;0.00;0.00;0.00
;;;;;;;;;;;;0;0;0;0;0;0;0.00;0.00;;;0.00;0.00;0.00;0.00;0.00;0.00
;;;;;;;;;;;;0;0;0;0;0;0;0.00;0.00;;;0.00;0.00;0.00;0.00;0.00;0.00
;;;;;;;;;;;;0;0;0;0;0;0;0.00;0.00;;;0.00;0.00;0.00;0.00;0.00;0.00
;;;;;;;;;;;;0;0;0;0;0;0;0.00;0.00;;;0.00;0.00;0.00;0.00;0.00;0.00
;;;;;;;;;;;;0;0;0;0;0;0;0.00;0.00;;;0.00;0.00;0.00;0.00;0.00;0.00
;;;;;;;;;;;;0;0;0;0;0;0;0.00;0.00;;;0.00;0.00;0.00;0.00;0.00;0.00
;;;;;;;;;;;;0;0;0;0;0;0;0.00;0.00;;;0.00;0.00;0.00;0.00;0.00;0.00
;;;;;;;;;;;;0;0;0;0;0;0;0.00;0.00;;;0.00;0.00;0.00;0.00;0.00;0.00
;;;;;;;;;;;;0;0;0;0;0;0;0.00;0.00;;;0.00;0.00;0.00;0.00;0.00;0.00
;;;;;;;;;;;;0;0;0;0;0;0;0.00;0.00;;;0.00;0.00;0.00;0.00;0.00;0.00
;;;;;;;;;;;;0;0;0;0;0;0;0.00;0.00;;;0.00;0.00;0.00;0.00;0.00;0.00
;;;;;;;;;;;;0;0;0;0;0;0;0.00;0.00;;;0.00;0.00;0.00;0.00;0.00;0.00
;;;;;;;;;;;;0;0;0;0;0;0;0.00;0.00;;;0.00;0.00;0.00;0.00;0.00;0.00
;;;;;;;;;;;;0;0;0;0;0;0;0.00;0.00;;;0.00;0.00;0.00;0.00;0.00;0.00
;;;;;;;;;;;;0;0;0;0;0;0;0.00;0.00;;;0.00;0.00;0.00;0.00;0.00;0.00
;;;;;;;;;;;;0;0;0;0;0;0;0.00;0.00;;;0.00;0.00;0.00;0.00;0.00;0.00
;;;;;;;;;;;;0;0;0;0;0;0;0.00;0.00;;;0.00;0.00;0.00;0.00;0.00;0.00
;;;;;;;;;;;;0;0;0;0;0;0;0.00;0.00;;;0.00;0.00;0.00;0.00;0.00;0.00
;;;;;;;;;;;;0;0;0;0;0;0;0.00;0.00;;;0.00;0.00;0.00;0.00;0.00;0.00
;;;;;;;;;;;;0;0;0;0;0;0;0.00;0.00;;;0.00;0.00;0.00;0.00;0.00;0.00
;;;;;;;;;;;;0;0;0;0;0;0;0.00;0.00;;;0.00;0.00;0.00;0.00;0.00;0.00
;;;;;;;;;;;;0;0;0;0;0;0;0.00;0.00;;;0.00;0.00;0.00;0.00;0.00;0.00
;;;;;;;;;;;;0;0;0;0;0;0;0.00;0.00;;;0.00;0.00;0.00;0.00;0.00;0.00
;;;;;;;;;;;;0;0;0;0;0;0;0.00;0.00;;;0.00;0.00;0.00;0.00;0.00;0.00
;;;;;;;;;;;;0;0;0;0;0;0;0.00;0.00;;;0.00;0.00;0.00;0.00;0.00;0.00
;;;;;;;;;;;;0;0;0;0;0;0;0.00;0.00;;;0.00;0.00;0.00;0.00;0.00;0.00
;;;;;;;;;;;;0;0;0;0;0;0;0.00;0.00;;;0.00;0.00;0.00;0.00;0.00;0.00
;;;;;;;;;;;;0;0;0;0;0;0;0.00;0.00;;;0.00;0.00;0.00;0.00;0.00;0.00
;;;;;;;;;;;;0;0;0;0;0;0;0.00;0.00;;;0.00;0.00;0.00;0.00;0.00;0.00
;;;;;;;;;;;;0;0;0;0;0;0;0.00;0.00;;;0.00;0.00;0.00;0.00;0.00;0.00
;;;;;;;;;;;;0;0;0;0;0;0;0.00;0.00;;;0.00;0.00;0.00;0.00;0.00;0.00
;;;;;;;;;;;;0;0;0;0;0;0;0.00;0.00;;;0.00;0.00;0.00;0.00;0.00;0.00
;;;;;;;;;;;;0;0;0;0;0;0;0.00;0.00;;;0.00;0.00;0.00;0.00;0.00;0.00
;;;;;;;;;;;;0;0;0;0;0;0;0.00;0.00;;;0.00;0.00;0.00;0.00;0.00;0.00
;;;;;;;;;;;;0;0;0;0;0;0;0.00;0.00;;;0.00;0.00;0.00;0.00;0.00;0.00
;;;;;;;;;;;;0;0;0;0;0;0;0.00;0.00;;;0.00;0.00;0.00;0.00;0.00;0.00
;;;;;;;;;;;;0;0;0;0;0;0;0.00;0.00;;;0.00;0.00;0.00;0.00;0.00;0.00
;;;;;;;;;;;;0;0;0;0;0;0;0.00;0.00;;;0.00;0.00;0.00;0.00;0.00;0.00
;;;;;;;;;;;;0;0;0;0;0;0;0.00;0.00;;;0.00;0.00;0.00;0.00;0.00;0.00
;;;;;;;;;;;;0;0;0;0;0;0;0.00;0.00;;;0.00;0.00;0.00;0.00;0.00;0.00
;;;;;;;;;;;;0;0;0;0;0;0;0.00;0.00;;;0.00;0.00;0.00;0.00;0.00;0.00
;;;;;;;;;;;;0;0;0;0;0;0;0.00;0.00;;;0.00;0.00;0.00;0.00;0.00;0.00
;;;;;;;;;;;;0;0;0;0;0;0;0.00;0.00;;;0.00;0.00;0.00;0.00;0.00;0.00
;;;;;;;;;;;;0;0;0;0;0;0;0.00;0.00;;;0.00;0.00;0.00;0.00;0.00;0.00
;;;;;;;;;;;;0;0;0;0;0;0;0.00;0.00;;;0.00;0.00;0.00;0.00;0.00;0.00
;;;;;;;;;;;;0;0;0;0;0;0;0.00;0.00;;;0.00;0.00;0.00;0.00;0.00;0.00
;;;;;;;;;;;;0;0;0;0;0;0;0.00;0.00;;;0.00;0.00;0.00;0.00;0.00;0.00
;;;;;;;;;;;;0;0;0;0;0;0;0.00;0.00;;;0.00;0.00;0.00;0.00;0.00;0.00
;;;;;;;;;;;;0;0;0;0;0;0;0.00;0.00;;;0.00;0.00;0.00;0.00;0.00;0.00
;;;;;;;;;;;;0;0;0;0;0;0;0.00;0.00;;;0.00;0.00;0.00;0.00;0.00;0.00
;;;;;;;;;;;;0;0;0;0;0;0;0.00;0.00;;;0.00;0.00;0.00;0.00;0.00;0.00
;;;;;;;;;;;;0;0;0;0;0;0;0.00;0.00;;;0.00;0.00;0.00;0.00;0.00;0.00
;;;;;;;;;;;;0;0;0;0;0;0;0.00;0.00;;;0.00;0.00;0.00;0.00;0.00;0.00
;;;;;;;;;;;;0;0;0;0;0;0;0.00;0.00;;;0.00;0.00;0.00;0.00;0.00;0.00
;;;;;;;;;;;;0;0;0;0;0;0;0.00;0.00;;;0.00;0.00;0.00;0.00;0.00;0.00
;;;;;;;;;;;;0;0;0;0;0;0;0.00;0.00;;;0.00;0.00;0.00;0.00;0.00;0.00
;;;;;;;;;;;;0;0;0;0;0;0;0.00;0.00;;;0.00;0.00;0.00;0.00;0.00;0.00
;;;;;;;;;;;;0;0;0;0;0;0;0.00;0.00;;;0.00;0.00;0.00;0.00;0.00;0.00
;;;;;;;;;;;;0;0;0;0;0;0;0.00;0.00;;;0.00;0.00;0.00;0.00;0.00;0.00
;;;;;;;;;;;;0;0;0;0;0;0;0.00;0.00;;;0.00;0.00;0.00;0.00;0.00;0.00
;;;;;;;;;;;;0;0;0;0;0;0;0.00;0.00;;;0.00;0.00;0.00;0.00;0.00;0.00
;;;;;;;;;;;;0;0;0;0;0;0;0.00;0.00;;;0.00;0.00;0.00;0.00;0.00;0.00
;;;;;;;;;;;;0;0;0;0;0;0;0.00;0.00;;;0.00;0.00;0.00;0.00;0.00;0.00
;;;;;;;;;;;;0;0;0;0;0;0;0.00;0.00;;;0.00;0.00;0.00;0.00;0.00;0.00
;;;;;;;;;;;;0;0;0;0;0;0;0.00;0.00;;;0.00;0.00;0.00;0.00;0.00;0.00
;;;;;;;;;;;;0;0;0;0;0;0;0.00;0.00;;;0.00;0.00;0.00;0.00;0.00;0.00
;;;;;;;;;;;;0;0;0;0;0;0;0.00;0.00;;;0.00;0.00;0.00;0.00;0.00;0.00
;;;;;;;;;;;;0;0;0;0;0;0;0.00;0.00;;;0.00;0.00;0.00;0.00;0.00;0.00
;;;;;;;;;;;;0;0;0;0;0;0;0.00;0.00;;;0.00;0.00;0.00;0.00;0.00;0.00
;;;;;;;;;;;;0;0;0;0;0;0;0.00;0.00;;;0.00;0.00;0.00;0.00;0.00;0.00
;;;;;;;;;;;;0;0;0;0;0;0;0.00;0.00;;;0.00;0.00;0.00;0.00;0.00;0.00
;;;;;;;;;;;;0;0;0;0;0;0;0.00;0.00;;;0.00;0.00;0.00;0.00;0.00;0.00
;;;;;;;;;;;;0;0;0;0;0;0;0.00;0.00;;;0.00;0.00;0.00;0.00;0.00;0.00
;;;;;;;;;;;;0;0;0;0;0;0;0.00;0.00;;;0.00;0.00;0.00;0.00;0.00;0.00
;;;;;;;;;;;;0;0;0;0;0;0;0.00;0.00;;;0.00;0.00;0.00;0.00;0.00;0.00
;;;;;;;;;;;;0;0;0;0;0;0;0.00;0.00;;;0.00;0.00;0.00;0.00;0.00;0.00
;;;;;;;;;;;;0;0;0;0;0;0;0.00;0.00;;;0.00;0.00;0.00;0.00;0.00;0.00
;;;;;;;;;;;;0;0;0;0;0;0;0.00;0.00;;;0.00;0.00;0.00;0.00;0.00;0.00
;;;;;;;;;;;;0;0;0;0;0;0;0.00;0.00;;;0.00;0.00;0.00;0.00;0.00;0.00
;;;;;;;;;;;;0;0;0;0;0;0;0.00;0.00;;;0.00;0.00;0.00;0.00;0.00;0.00
;;;;;;;;;;;;0;0;0;0;0;0;0.00;0.00;;;0.00;0.00;0.00;0.00;0.00;0.00
;;;;;;;;;;;;0;0;0;0;0;0;0.00;0.00;;;0.00;0.00;0.00;0.00;0.00;0.00
;;;;;;;;;;;;0;0;0;0;0;0;0.00;0.00;;;0.00;0.00;0.00;0.00;0.00;0.00
;;;;;;;;;;;;0;0;0;0;0;0;0.00;0.00;;;0.00;0.00;0.00;0.00;0.00;0.00
;;;;;;;;;;;;0;0;0;0;0;0;0.00;0.00;;;0.00;0.00;0.00;0.00;0.00;0.00
;;;;;;;;;;;;0;0;0;0;0;0;0.00;0.00;;;0.00;0.00;0.00;0.00;0.00;0.00
;;;;;;;;;;;;0;0;0;0;0;0;0.00;0.00;;;0.00;0.00;0.00;0.00;0.00;0.00
;;;;;;;;;;;;0;0;0;0;0;0;0.00;0.00;;;0.00;0.00;0.00;0.00;0.00;0.00
;;;;;;;;;;;;0;0;0;0;0;0;0.00;0.00;;;0.00;0.00;0.00;0.00;0.00;0.00
;;;;;;;;;;;;0;0;0;0;0;0;0.00;0.00;;;0.00;0.00;0.00;0.00;0.00;0.00
;;;;;;;;;;;;0;0;0;0;0;0;0.00;0.00;;;0.00;0.00;0.00;0.00;0.00;0.00
;;;;;;;;;;;;0;0;0;0;0;0;0.00;0.00;;;0.00;0.00;0.00;0.00;0.00;0.00
;;;;;;;;;;;;0;0;0;0;0;0;0.00;0.00;;;0.00;0.00;0.00;0.00;0.00;0.00
;;;;;;;;;;;;0;0;0;0;0;0;0.00;0.00;;;0.00;0.00;0.00;0.00;0.00;0.00
;;;;;;;;;;;;0;0;0;0;0;0;0.00;0.00;;;0.00;0.00;0.00;0.00;0.00;0.00
;;;;;;;;;;;;0;0;0;0;0;0;0.00;0.00;;;0.00;0.00;0.00;0.00;0.00;0.00
;;;;;;;;;;;;0;0;0;0;0;0;0.00;0.00;;;0.00;0.00;0.00;0.00;0.00;0.00
;;;;;;;;;;;;0;0;0;0;0;0;0.00;0.00;;;0.00;0.00;0.00;0.00;0.00;0.00
;;;;;;;;;;;;0;0;0;0;0;0;0.00;0.00;;;0.00;0.00;0.00;0.00;0.00;0.00
;;;;;;;;;;;;0;0;0;0;0;0;0.00;0.00;;;0.00;0.00;0.00;0.00;0.00;0.00
;;;;;;;;;;;;0;0;0;0;0;0;0.00;0.00;;;0.00;0.00;0.00;0.00;0.00;0.00
;;;;;;;;;;;;0;0;0;0;0;0;0.00;0.00;;;0.00;0.00;0.00;0.00;0.00;0.00
;;;;;;;;;;;;0;0;0;0;0;0;0.00;0.00;;;0.00;0.00;0.00;0.00;0.00;0.00
;;;;;;;;;;;;0;0;0;0;0;0;0.00;0.00;;;0.00;0.00;0.00;0.00;0.00;0.00
;;;;;;;;;;;;0;0;0;0;0;0;0.00;0.00;;;0.00;0.00;0.00;0.00;0.00;0.00
;;;;;;;;;;;;0;0;0;0;0;0;0.00;0.00;;;0.00;0.00;0.00;0.00;0.00;0.00
;;;;;;;;;;;;0;0;0;0;0;0;0.00;0.00;;;0.00;0.00;0.00;0.00;0.00;0.00
;;;;;;;;;;;;0;0;0;0;0;0;0.00;0.00;;;0.00;0.00;0.00;0.00;0.00;0.00
;;;;;;;;;;;;0;0;0;0;0;0;0.00;0.00;;;0.00;0.00;0.00;0.00;0.00;0.00
;;;;;;;;;;;;0;0;0;0;0;0;0.00;0.00;;;0.00;0.00;0.00;0.00;0.00;0.00
;;;;;;;;;;;;0;0;0;0;0;0;0.00;0.00;;;0.00;0.00;0.00;0.00;0.00;0.00
;;;;;;;;;;;;0;0;0;0;0;0;0.00;0.00;;;0.00;0.00;0.00;0.00;0.00;0.00
;;;;;;;;;;;;0;0;0;0;0;0;0.00;0.00;;;0.00;0.00;0.00;0.00;0.00;0.00
;;;;;;;;;;;;0;0;0;0;0;0;0.00;0.00;;;0.00;0.00;0.00;0.00;0.00;0.00
;;;;;;;;;;;;0;0;0;0;0;0;0.00;0.00;;;0.00;0.00;0.00;0.00;0.00;0.00
;;;;;;;;;;;;0;0;0;0;0;0;0.00;0.00;;;0.00;0.00;0.00;0.00;0.00;0.00
;;;;;;;;;;;;0;0;0;0;0;0;0.00;0.00;;;0.00;0.00;0.00;0.00;0.00;0.00
;;;;;;;;;;;;0;0;0;0;0;0;0.00;0.00;;;0.00;0.00;0.00;0.00;0.00;0.00
;;;;;;;;;;;;0;0;0;0;0;0;0.00;0.00;;;0.00;0.00;0.00;0.00;0.00;0.00
;;;;;;;;;;;;0;0;0;0;0;0;0.00;0.00;;;0.00;0.00;0.00;0.00;0.00;0.00
;;;;;;;;;;;;0;0;0;0;0;0;0.00;0.00;;;0.00;0.00;0.00;0.00;0.00;0.00
;;;;;;;;;;;;0;0;0;0;0;0;0.00;0.00;;;0.00;0.00;0.00;0.00;0.00;0.00
;;;;;;;;;;;;0;0;0;0;0;0;0.00;0.00;;;0.00;0.00;0.00;0.00;0.00;0.00
;;;;;;;;;;;;0;0;0;0;0;0;0.00;0.00;;;0.00;0.00;0.00;0.00;0.00;0.00
;;;;;;;;;;;;0;0;0;0;0;0;0.00;0.00;;;0.00;0.00;0.00;0.00;0.00;0.00
;;;;;;;;;;;;0;0;0;0;0;0;0.00;0.00;;;0.00;0.00;0.00;0.00;0.00;0.00
;;;;;;;;;;;;0;0;0;0;0;0;0.00;0.00;;;0.00;0.00;0.00;0.00;0.00;0.00
;;;;;;;;;;;;0;0;0;0;0;0;0.00;0.00;;;0.00;0.00;0.00;0.00;0.00;0.00
;;;;;;;;;;;;0;0;0;0;0;0;0.00;0.00;;;0.00;0.00;0.00;0.00;0.00;0.00
;;;;;;;;;;;;0;0;0;0;0;0;0.00;0.00;;;0.00;0.00;0.00;0.00;0.00;0.00
;;;;;;;;;;;;0;0;0;0;0;0;0.00;0.00;;;0.00;0.00;0.00;0.00;0.00;0.00
;;;;;;;;;;;;0;0;0;0;0;0;0.00;0.00;;;0.00;0.00;0.00;0.00;0.00;0.00
;;;;;;;;;;;;0;0;0;0;0;0;0.00;0.00;;;0.00;0.00;0.00;0.00;0.00;0.00
;;;;;;;;;;;;0;0;0;0;0;0;0.00;0.00;;;0.00;0.00;0.00;0.00;0.00;0.00
;;;;;;;;;;;;0;0;0;0;0;0;0.00;0.00;;;0.00;0.00;0.00;0.00;0.00;0.00
;;;;;;;;;;;;0;0;0;0;0;0;0.00;0.00;;;0.00;0.00;0.00;0.00;0.00;0.00
;;;;;;;;;;;;0;0;0;0;0;0;0.00;0.00;;;0.00;0.00;0.00;0.00;0.00;0.00
;;;;;;;;;;;;0;0;0;0;0;0;0.00;0.00;;;0.00;0.00;0.00;0.00;0.00;0.00
;;;;;;;;;;;;0;0;0;0;0;0;0.00;0.00;;;0.00;0.00;0.00;0.00;0.00;0.00
;;;;;;;;;;;;0;0;0;0;0;0;0.00;0.00;;;0.00;0.00;0.00;0.00;0.00;0.00
;;;;;;;;;;;;0;0;0;0;0;0;0.00;0.00;;;0.00;0.00;0.00;0.00;0.00;0.00
;;;;;;;;;;;;0;0;0;0;0;0;0.00;0.00;;;0.00;0.00;0.00;0.00;0.00;0.00
;;;;;;;;;;;;0;0;0;0;0;0;0.00;0.00;;;0.00;0.00;0.00;0.00;0.00;0.00
;;;;;;;;;;;;0;0;0;0;0;0;0.00;0.00;;;0.00;0.00;0.00;0.00;0.00;0.00
;;;;;;;;;;;;0;0;0;0;0;0;0.00;0.00;;;0.00;0.00;0.00;0.00;0.00;0.00
;;;;;;;;;;;;0;0;0;0;0;0;0.00;0.00;;;0.00;0.00;0.00;0.00;0.00;0.00
;;;;;;;;;;;;0;0;0;0;0;0;0.00;0.00;;;0.00;0.00;0.00;0.00;0.00;0.00
;;;;;;;;;;;;0;0;0;0;0;0;0.00;0.00;;;0.00;0.00;0.00;0.00;0.00;0.00
;;;;;;;;;;;;0;0;0;0;0;0;0.00;0.00;;;0.00;0.00;0.00;0.00;0.00;0.00
;;;;;;;;;;;;0;0;0;0;0;0;0.00;0.00;;;0.00;0.00;0.00;0.00;0.00;0.00
;;;;;;;;;;;;0;0;0;0;0;0;0.00;0.00;;;0.00;0.00;0.00;0.00;0.00;0.00
;;;;;;;;;;;;0;0;0;0;0;0;0.00;0.00;;;0.00;0.00;0.00;0.00;0.00;0.00
;;;;;;;;;;;;0;0;0;0;0;0;0.00;0.00;;;0.00;0.00;0.00;0.00;0.00;0.00
;;;;;;;;;;;;0;0;0;0;0;0;0.00;0.00;;;0.00;0.00;0.00;0.00;0.00;0.00
;;;;;;;;;;;;0;0;0;0;0;0;0.00;0.00;;;0.00;0.00;0.00;0.00;0.00;0.00
;;;;;;;;;;;;0;0;0;0;0;0;0.00;0.00;;;0.00;0.00;0.00;0.00;0.00;0.00
;;;;;;;;;;;;0;0;0;0;0;0;0.00;0.00;;;0.00;0.00;0.00;0.00;0.00;0.00
;;;;;;;;;;;;0;0;0;0;0;0;0.00;0.00;;;0.00;0.00;0.00;0.00;0.00;0.00
;;;;;;;;;;;;0;0;0;0;0;0;0.00;0.00;;;0.00;0.00;0.00;0.00;0.00;0.00
;;;;;;;;;;;;0;0;0;0;0;0;0.00;0.00;;;0.00;0.00;0.00;0.00;0.00;0.00
;;;;;;;;;;;;0;0;0;0;0;0;0.00;0.00;;;0.00;0.00;0.00;0.00;0.00;0.00
;;;;;;;;;;;;0;0;0;0;0;0;0.00;0.00;;;0.00;0.00;0.00;0.00;0.00;0.00
;;;;;;;;;;;;0;0;0;0;0;0;0.00;0.00;;;0.00;0.00;0.00;0.00;0.00;0.00
;;;;;;;;;;;;0;0;0;0;0;0;0.00;0.00;;;0.00;0.00;0.00;0.00;0.00;0.00
;;;;;;;;;;;;0;0;0;0;0;0;0.00;0.00;;;0.00;0.00;0.00;0.00;0.00;0.00
;;;;;;;;;;;;0;0;0;0;0;0;0.00;0.00;;;0.00;0.00;0.00;0.00;0.00;0.00
;;;;;;;;;;;;0;0;0;0;0;0;0.00;0.00;;;0.00;0.00;0.00;0.00;0.00;0.00
;;;;;;;;;;;;0;0;0;0;0;0;0.00;0.00;;;0.00;0.00;0.00;0.00;0.00;0.00
;;;;;;;;;;;;0;0;0;0;0;0;0.00;0.00;;;0.00;0.00;0.00;0.00;0.00;0.00
;;;;;;;;;;;;0;0;0;0;0;0;0.00;0.00;;;0.00;0.00;0.00;0.00;0.00;0.00
;;;;;;;;;;;;0;0;0;0;0;0;0.00;0.00;;;0.00;0.00;0.00;0.00;0.00;0.00
;;;;;;;;;;;;0;0;0;0;0;0;0.00;0.00;;;0.00;0.00;0.00;0.00;0.00;0.00
;;;;;;;;;;;;0;0;0;0;0;0;0.00;0.00;;;0.00;0.00;0.00;0.00;0.00;0.00
;;;;;;;;;;;;0;0;0;0;0;0;0.00;0.00;;;0.00;0.00;0.00;0.00;0.00;0.00
;;;;;;;;;;;;0;0;0;0;0;0;0.00;0.00;;;0.00;0.00;0.00;0.00;0.00;0.00
;;;;;;;;;;;;0;0;0;0;0;0;0.00;0.00;;;0.00;0.00;0.00;0.00;0.00;0.00
;;;;;;;;;;;;0;0;0;0;0;0;0.00;0.00;;;0.00;0.00;0.00;0.00;0.00;0.00
;;;;;;;;;;;;0;0;0;0;0;0;0.00;0.00;;;0.00;0.00;0.00;0.00;0.00;0.00
;;;;;;;;;;;;0;0;0;0;0;0;0.00;0.00;;;0.00;0.00;0.00;0.00;0.00;0.00
;;;;;;;;;;;;0;0;0;0;0;0;0.00;0.00;;;0.00;0.00;0.00;0.00;0.00;0.00
;;;;;;;;;;;;0;0;0;0;0;0;0.00;0.00;;;0.00;0.00;0.00;0.00;0.00;0.00
;;;;;;;;;;;;0;0;0;0;0;0;0.00;0.00;;;0.00;0.00;0.00;0.00;0.00;0.00
;;;;;;;;;;;;0;0;0;0;0;0;0.00;0.00;;;0.00;0.00;0.00;0.00;0.00;0.00
;;;;;;;;;;;;0;0;0;0;0;0;0.00;0.00;;;0.00;0.00;0.00;0.00;0.00;0.00
;;;;;;;;;;;;0;0;0;0;0;0;0.00;0.00;;;0.00;0.00;0.00;0.00;0.00;0.00
;;;;;;;;;;;;0;0;0;0;0;0;0.00;0.00;;;0.00;0.00;0.00;0.00;0.00;0.00
;;;;;;;;;;;;0;0;0;0;0;0;0.00;0.00;;;0.00;0.00;0.00;0.00;0.00;0.00
;;;;;;;;;;;;0;0;0;0;0;0;0.00;0.00;;;0.00;0.00;0.00;0.00;0.00;0.00
;;;;;;;;;;;;0;0;0;0;0;0;0.00;0.00;;;0.00;0.00;0.00;0.00;0.00;0.00
;;;;;;;;;;;;0;0;0;0;0;0;0.00;0.00;;;0.00;0.00;0.00;0.00;0.00;0.00
;;;;;;;;;;;;0;0;0;0;0;0;0.00;0.00;;;0.00;0.00;0.00;0.00;0.00;0.00
;;;;;;;;;;;;0;0;0;0;0;0;0.00;0.00;;;0.00;0.00;0.00;0.00;0.00;0.00
;;;;;;;;;;;;0;0;0;0;0;0;0.00;0.00;;;0.00;0.00;0.00;0.00;0.00;0.00
;;;;;;;;;;;;0;0;0;0;0;0;0.00;0.00;;;0.00;0.00;0.00;0.00;0.00;0.00
;;;;;;;;;;;;0;0;0;0;0;0;0.00;0.00;;;0.00;0.00;0.00;0.00;0.00;0.00
;;;;;;;;;;;;0;0;0;0;0;0;0.00;0.00;;;0.00;0.00;0.00;0.00;0.00;0.00
;;;;;;;;;;;;0;0;0;0;0;0;0.00;0.00;;;0.00;0.00;0.00;0.00;0.00;0.00
;;;;;;;;;;;;0;0;0;0;0;0;0.00;0.00;;;0.00;0.00;0.00;0.00;0.00;0.00
;;;;;;;;;;;;0;0;0;0;0;0;0.00;0.00;;;0.00;0.00;0.00;0.00;0.00;0.00
;;;;;;;;;;;;0;0;0;0;0;0;0.00;0.00;;;0.00;0.00;0.00;0.00;0.00;0.00
;;;;;;;;;;;;0;0;0;0;0;0;0.00;0.00;;;0.00;0.00;0.00;0.00;0.00;0.00
;;;;;;;;;;;;0;0;0;0;0;0;0.00;0.00;;;0.00;0.00;0.00;0.00;0.00;0.00
;;;;;;;;;;;;0;0;0;0;0;0;0.00;0.00;;;0.00;0.00;0.00;0.00;0.00;0.00
;;;;;;;;;;;;0;0;0;0;0;0;0.00;0.00;;;0.00;0.00;0.00;0.00;0.00;0.00
;;;;;;;;;;;;0;0;0;0;0;0;0.00;0.00;;;0.00;0.00;0.00;0.00;0.00;0.00
;;;;;;;;;;;;0;0;0;0;0;0;0.00;0.00;;;0.00;0.00;0.00;0.00;0.00;0.00
;;;;;;;;;;;;0;0;0;0;0;0;0.00;0.00;;;0.00;0.00;0.00;0.00;0.00;0.00
;;;;;;;;;;;;0;0;0;0;0;0;0.00;0.00;;;0.00;0.00;0.00;0.00;0.00;0.00
;;;;;;;;;;;;0;0;0;0;0;0;0.00;0.00;;;0.00;0.00;0.00;0.00;0.00;0.00
;;;;;;;;;;;;0;0;0;0;0;0;0.00;0.00;;;0.00;0.00;0.00;0.00;0.00;0.00
;;;;;;;;;;;;0;0;0;0;0;0;0.00;0.00;;;0.00;0.00;0.00;0.00;0.00;0.00
;;;;;;;;;;;;0;0;0;0;0;0;0.00;0.00;;;0.00;0.00;0.00;0.00;0.00;0.00
;;;;;;;;;;;;0;0;0;0;0;0;0.00;0.00;;;0.00;0.00;0.00;0.00;0.00;0.00
;;;;;;;;;;;;0;0;0;0;0;0;0.00;0.00;;;0.00;0.00;0.00;0.00;0.00;0.00
;;;;;;;;;;;;0;0;0;0;0;0;0.00;0.00;;;0.00;0.00;0.00;0.00;0.00;0.00
;;;;;;;;;;;;0;0;0;0;0;0;0.00;0.00;;;0.00;0.00;0.00;0.00;0.00;0.00
;;;;;;;;;;;;0;0;0;0;0;0;0.00;0.00;;;0.00;0.00;0.00;0.00;0.00;0.00
;;;;;;;;;;;;0;0;0;0;0;0;0.00;0.00;;;0.00;0.00;0.00;0.00;0.00;0.00
;;;;;;;;;;;;0;0;0;0;0;0;0.00;0.00;;;0.00;0.00;0.00;0.00;0.00;0.00
;;;;;;;;;;;;0;0;0;0;0;0;0.00;0.00;;;0.00;0.00;0.00;0.00;0.00;0.00
;;;;;;;;;;;;0;0;0;0;0;0;0.00;0.00;;;0.00;0.00;0.00;0.00;0.00;0.00
;;;;;;;;;;;;0;0;0;0;0;0;0.00;0.00;;;0.00;0.00;0.00;0.00;0.00;0.00
;;;;;;;;;;;;0;0;0;0;0;0;0.00;0.00;;;0.00;0.00;0.00;0.00;0.00;0.00
;;;;;;;;;;;;0;0;0;0;0;0;0.00;0.00;;;0.00;0.00;0.00;0.00;0.00;0.00
;;;;;;;;;;;;0;0;0;0;0;0;0.00;0.00;;;0.00;0.00;0.00;0.00;0.00;0.00
;;;;;;;;;;;;0;0;0;0;0;0;0.00;0.00;;;0.00;0.00;0.00;0.00;0.00;0.00
;;;;;;;;;;;;0;0;0;0;0;0;0.00;0.00;;;0.00;0.00;0.00;0.00;0.00;0.00
;;;;;;;;;;;;0;0;0;0;0;0;0.00;0.00;;;0.00;0.00;0.00;0.00;0.00;0.00
;;;;;;;;;;;;0;0;0;0;0;0;0.00;0.00;;;0.00;0.00;0.00;0.00;0.00;0.00
;;;;;;;;;;;;0;0;0;0;0;0;0.00;0.00;;;0.00;0.00;0.00;0.00;0.00;0.00
;;;;;;;;;;;;0;0;0;0;0;0;0.00;0.00;;;0.00;0.00;0.00;0.00;0.00;0.00
;;;;;;;;;;;;0;0;0;0;0;0;0.00;0.00;;;0.00;0.00;0.00;0.00;0.00;0.00
;;;;;;;;;;;;0;0;0;0;0;0;0.00;0.00;;;0.00;0.00;0.00;0.00;0.00;0.00
;;;;;;;;;;;;0;0;0;0;0;0;0.00;0.00;;;0.00;0.00;0.00;0.00;0.00;0.00
;;;;;;;;;;;;0;0;0;0;0;0;0.00;0.00;;;0.00;0.00;0.00;0.00;0.00;0.00
;;;;;;;;;;;;0;0;0;0;0;0;0.00;0.00;;;0.00;0.00;0.00;0.00;0.00;0.00
;;;;;;;;;;;;0;0;0;0;0;0;0.00;0.00;;;0.00;0.00;0.00;0.00;0.00;0.00
;;;;;;;;;;;;0;0;0;0;0;0;0.00;0.00;;;0.00;0.00;0.00;0.00;0.00;0.00
;;;;;;;;;;;;0;0;0;0;0;0;0.00;0.00;;;0.00;0.00;0.00;0.00;0.00;0.00
;;;;;;;;;;;;0;0;0;0;0;0;0.00;0.00;;;0.00;0.00;0.00;0.00;0.00;0.00
;;;;;;;;;;;;0;0;0;0;0;0;0.00;0.00;;;0.00;0.00;0.00;0.00;0.00;0.00
;;;;;;;;;;;;0;0;0;0;0;0;0.00;0.00;;;0.00;0.00;0.00;0.00;0.00;0.00
;;;;;;;;;;;;0;0;0;0;0;0;0.00;0.00;;;0.00;0.00;0.00;0.00;0.00;0.00
;;;;;;;;;;;;0;0;0;0;0;0;0.00;0.00;;;0.00;0.00;0.00;0.00;0.00;0.00
;;;;;;;;;;;;0;0;0;0;0;0;0.00;0.00;;;0.00;0.00;0.00;0.00;0.00;0.00
;;;;;;;;;;;;0;0;0;0;0;0;0.00;0.00;;;0.00;0.00;0.00;0.00;0.00;0.00
;;;;;;;;;;;;0;0;0;0;0;0;0.00;0.00;;;0.00;0.00;0.00;0.00;0.00;0.00
;;;;;;;;;;;;0;0;0;0;0;0;0.00;0.00;;;0.00;0.00;0.00;0.00;0.00;0.00
;;;;;;;;;;;;0;0;0;0;0;0;0.00;0.00;;;0.00;0.00;0.00;0.00;0.00;0.00
;;;;;;;;;;;;0;0;0;0;0;0;0.00;0.00;;;0.00;0.00;0.00;0.00;0.00;0.00
;;;;;;;;;;;;0;0;0;0;0;0;0.00;0.00;;;0.00;0.00;0.00;0.00;0.00;0.00
;;;;;;;;;;;;0;0;0;0;0;0;0.00;0.00;;;0.00;0.00;0.00;0.00;0.00;0.00
;;;;;;;;;;;;0;0;0;0;0;0;0.00;0.00;;;0.00;0.00;0.00;0.00;0.00;0.00
;;;;;;;;;;;;0;0;0;0;0;0;0.00;0.00;;;0.00;0.00;0.00;0.00;0.00;0.00
;;;;;;;;;;;;0;0;0;0;0;0;0.00;0.00;;;0.00;0.00;0.00;0.00;0.00;0.00
;;;;;;;;;;;;0;0;0;0;0;0;0.00;0.00;;;0.00;0.00;0.00;0.00;0.00;0.00
;;;;;;;;;;;;0;0;0;0;0;0;0.00;0.00;;;0.00;0.00;0.00;0.00;0.00;0.00
;;;;;;;;;;;;0;0;0;0;0;0;0.00;0.00;;;0.00;0.00;0.00;0.00;0.00;0.00
;;;;;;;;;;;;0;0;0;0;0;0;0.00;0.00;;;0.00;0.00;0.00;0.00;0.00;0.00
;;;;;;;;;;;;0;0;0;0;0;0;0.00;0.00;;;0.00;0.00;0.00;0.00;0.00;0.00
;;;;;;;;;;;;0;0;0;0;0;0;0.00;0.00;;;0.00;0.00;0.00;0.00;0.00;0.00
;;;;;;;;;;;;0;0;0;0;0;0;0.00;0.00;;;0.00;0.00;0.00;0.00;0.00;0.00
;;;;;;;;;;;;0;0;0;0;0;0;0.00;0.00;;;0.00;0.00;0.00;0.00;0.00;0.00
;;;;;;;;;;;;0;0;0;0;0;0;0.00;0.00;;;0.00;0.00;0.00;0.00;0.00;0.00
;;;;;;;;;;;;0;0;0;0;0;0;0.00;0.00;;;0.00;0.00;0.00;0.00;0.00;0.00
;;;;;;;;;;;;0;0;0;0;0;0;0.00;0.00;;;0.00;0.00;0.00;0.00;0.00;0.00
;;;;;;;;;;;;0;0;0;0;0;0;0.00;0.00;;;0.00;0.00;0.00;0.00;0.00;0.00
;;;;;;;;;;;;0;0;0;0;0;0;0.00;0.00;;;0.00;0.00;0.00;0.00;0.00;0.00
;;;;;;;;;;;;0;0;0;0;0;0;0.00;0.00;;;0.00;0.00;0.00;0.00;0.00;0.00
;;;;;;;;;;;;0;0;0;0;0;0;0.00;0.00;;;0.00;0.00;0.00;0.00;0.00;0.00
;;;;;;;;;;;;0;0;0;0;0;0;0.00;0.00;;;0.00;0.00;0.00;0.00;0.00;0.00
;;;;;;;;;;;;0;0;0;0;0;0;0.00;0.00;;;0.00;0.00;0.00;0.00;0.00;0.00
;;;;;;;;;;;;0;0;0;0;0;0;0.00;0.00;;;0.00;0.00;0.00;0.00;0.00;0.00
;;;;;;;;;;;;0;0;0;0;0;0;0.00;0.00;;;0.00;0.00;0.00;0.00;0.00;0.00
;;;;;;;;;;;;0;0;0;0;0;0;0.00;0.00;;;0.00;0.00;0.00;0.00;0.00;0.00
;;;;;;;;;;;;0;0;0;0;0;0;0.00;0.00;;;0.00;0.00;0.00;0.00;0.00;0.00
;;;;;;;;;;;;0;0;0;0;0;0;0.00;0.00;;;0.00;0.00;0.00;0.00;0.00;0.00
;;;;;;;;;;;;0;0;0;0;0;0;0.00;0.00;;;0.00;0.00;0.00;0.00;0.00;0.00
;;;;;;;;;;;;0;0;0;0;0;0;0.00;0.00;;;0.00;0.00;0.00;0.00;0.00;0.00
;;;;;;;;;;;;0;0;0;0;0;0;0.00;0.00;;;0.00;0.00;0.00;0.00;0.00;0.00
;;;;;;;;;;;;0;0;0;0;0;0;0.00;0.00;;;0.00;0.00;0.00;0.00;0.00;0.00
;;;;;;;;;;;;0;0;0;0;0;0;0.00;0.00;;;0.00;0.00;0.00;0.00;0.00;0.00
;;;;;;;;;;;;0;0;0;0;0;0;0.00;0.00;;;0.00;0.00;0.00;0.00;0.00;0.00
;;;;;;;;;;;;0;0;0;0;0;0;0.00;0.00;;;0.00;0.00;0.00;0.00;0.00;0.00
;;;;;;;;;;;;0;0;0;0;0;0;0.00;0.00;;;0.00;0.00;0.00;0.00;0.00;0.00
;;;;;;;;;;;;0;0;0;0;0;0;0.00;0.00;;;0.00;0.00;0.00;0.00;0.00;0.00
;;;;;;;;;;;;0;0;0;0;0;0;0.00;0.00;;;0.00;0.00;0.00;0.00;0.00;0.00
;;;;;;;;;;;;0;0;0;0;0;0;0.00;0.00;;;0.00;0.00;0.00;0.00;0.00;0.00
;;;;;;;;;;;;0;0;0;0;0;0;0.00;0.00;;;0.00;0.00;0.00;0.00;0.00;0.00
;;;;;;;;;;;;0;0;0;0;0;0;0.00;0.00;;;0.00;0.00;0.00;0.00;0.00;0.00
;;;;;;;;;;;;0;0;0;0;0;0;0.00;0.00;;;0.00;0.00;0.00;0.00;0.00;0.00
;;;;;;;;;;;;0;0;0;0;0;0;0.00;0.00;;;0.00;0.00;0.00;0.00;0.00;0.00
;;;;;;;;;;;;0;0;0;0;0;0;0.00;0.00;;;0.00;0.00;0.00;0.00;0.00;0.00
;;;;;;;;;;;;0;0;0;0;0;0;0.00;0.00;;;0.00;0.00;0.00;0.00;0.00;0.00
;;;;;;;;;;;;0;0;0;0;0;0;0.00;0.00;;;0.00;0.00;0.00;0.00;0.00;0.00
;;;;;;;;;;;;0;0;0;0;0;0;0.00;0.00;;;0.00;0.00;0.00;0.00;0.00;0.00
;;;;;;;;;;;;0;0;0;0;0;0;0.00;0.00;;;0.00;0.00;0.00;0.00;0.00;0.00
;;;;;;;;;;;;0;0;0;0;0;0;0.00;0.00;;;0.00;0.00;0.00;0.00;0.00;0.00
;;;;;;;;;;;;0;0;0;0;0;0;0.00;0.00;;;0.00;0.00;0.00;0.00;0.00;0.00
;;;;;;;;;;;;0;0;0;0;0;0;0.00;0.00;;;0.00;0.00;0.00;0.00;0.00;0.00
;;;;;;;;;;;;0;0;0;0;0;0;0.00;0.00;;;0.00;0.00;0.00;0.00;0.00;0.00
;;;;;;;;;;;;0;0;0;0;0;0;0.00;0.00;;;0.00;0.00;0.00;0.00;0.00;0.00
;;;;;;;;;;;;0;0;0;0;0;0;0.00;0.00;;;0.00;0.00;0.00;0.00;0.00;0.00
;;;;;;;;;;;;0;0;0;0;0;0;0.00;0.00;;;0.00;0.00;0.00;0.00;0.00;0.00
;;;;;;;;;;;;0;0;0;0;0;0;0.00;0.00;;;0.00;0.00;0.00;0.00;0.00;0.00
;;;;;;;;;;;;0;0;0;0;0;0;0.00;0.00;;;0.00;0.00;0.00;0.00;0.00;0.00
;;;;;;;;;;;;0;0;0;0;0;0;0.00;0.00;;;0.00;0.00;0.00;0.00;0.00;0.00
;;;;;;;;;;;;0;0;0;0;0;0;0.00;0.00;;;0.00;0.00;0.00;0.00;0.00;0.00
;;;;;;;;;;;;0;0;0;0;0;0;0.00;0.00;;;0.00;0.00;0.00;0.00;0.00;0.00
;;;;;;;;;;;;0;0;0;0;0;0;0.00;0.00;;;0.00;0.00;0.00;0.00;0.00;0.00
;;;;;;;;;;;;0;0;0;0;0;0;0.00;0.00;;;0.00;0.00;0.00;0.00;0.00;0.00
;;;;;;;;;;;;0;0;0;0;0;0;0.00;0.00;;;0.00;0.00;0.00;0.00;0.00;0.00
;;;;;;;;;;;;0;0;0;0;0;0;0.00;0.00;;;0.00;0.00;0.00;0.00;0.00;0.00
;;;;;;;;;;;;0;0;0;0;0;0;0.00;0.00;;;0.00;0.00;0.00;0.00;0.00;0.00
;;;;;;;;;;;;0;0;0;0;0;0;0.00;0.00;;;0.00;0.00;0.00;0.00;0.00;0.00
;;;;;;;;;;;;0;0;0;0;0;0;0.00;0.00;;;0.00;0.00;0.00;0.00;0.00;0.00
;;;;;;;;;;;;0;0;0;0;0;0;0.00;0.00;;;0.00;0.00;0.00;0.00;0.00;0.00
;;;;;;;;;;;;0;0;0;0;0;0;0.00;0.00;;;0.00;0.00;0.00;0.00;0.00;0.00
;;;;;;;;;;;;0;0;0;0;0;0;0.00;0.00;;;0.00;0.00;0.00;0.00;0.00;0.00
;;;;;;;;;;;;0;0;0;0;0;0;0.00;0.00;;;0.00;0.00;0.00;0.00;0.00;0.00
;;;;;;;;;;;;0;0;0;0;0;0;0.00;0.00;;;0.00;0.00;0.00;0.00;0.00;0.00
;;;;;;;;;;;;0;0;0;0;0;0;0.00;0.00;;;0.00;0.00;0.00;0.00;0.00;0.00
;;;;;;;;;;;;0;0;0;0;0;0;0.00;0.00;;;0.00;0.00;0.00;0.00;0.00;0.00
;;;;;;;;;;;;0;0;0;0;0;0;0.00;0.00;;;0.00;0.00;0.00;0.00;0.00;0.00
;;;;;;;;;;;;0;0;0;0;0;0;0.00;0.00;;;0.00;0.00;0.00;0.00;0.00;0.00
;;;;;;;;;;;;0;0;0;0;0;0;0.00;0.00;;;0.00;0.00;0.00;0.00;0.00;0.00
;;;;;;;;;;;;0;0;0;0;0;0;0.00;0.00;;;0.00;0.00;0.00;0.00;0.00;0.00
;;;;;;;;;;;;0;0;0;0;0;0;0.00;0.00;;;0.00;0.00;0.00;0.00;0.00;0.00
;;;;;;;;;;;;0;0;0;0;0;0;0.00;0.00;;;0.00;0.00;0.00;0.00;0.00;0.00
;;;;;;;;;;;;0;0;0;0;0;0;0.00;0.00;;;0.00;0.00;0.00;0.00;0.00;0.00
;;;;;;;;;;;;0;0;0;0;0;0;0.00;0.00;;;0.00;0.00;0.00;0.00;0.00;0.00
;;;;;;;;;;;;0;0;0;0;0;0;0.00;0.00;;;0.00;0.00;0.00;0.00;0.00;0.00
;;;;;;;;;;;;0;0;0;0;0;0;0.00;0.00;;;0.00;0.00;0.00;0.00;0.00;0.00
;;;;;;;;;;;;0;0;0;0;0;0;0.00;0.00;;;0.00;0.00;0.00;0.00;0.00;0.00
;;;;;;;;;;;;0;0;0;0;0;0;0.00;0.00;;;0.00;0.00;0.00;0.00;0.00;0.00
;;;;;;;;;;;;0;0;0;0;0;0;0.00;0.00;;;0.00;0.00;0.00;0.00;0.00;0.00
;;;;;;;;;;;;0;0;0;0;0;0;0.00;0.00;;;0.00;0.00;0.00;0.00;0.00;0.00
;;;;;;;;;;;;0;0;0;0;0;0;0.00;0.00;;;0.00;0.00;0.00;0.00;0.00;0.00
;;;;;;;;;;;;0;0;0;0;0;0;0.00;0.00;;;0.00;0.00;0.00;0.00;0.00;0.00
;;;;;;;;;;;;0;0;0;0;0;0;0.00;0.00;;;0.00;0.00;0.00;0.00;0.00;0.00
;;;;;;;;;;;;0;0;0;0;0;0;0.00;0.00;;;0.00;0.00;0.00;0.00;0.00;0.00
;;;;;;;;;;;;0;0;0;0;0;0;0.00;0.00;;;0.00;0.00;0.00;0.00;0.00;0.00
;;;;;;;;;;;;0;0;0;0;0;0;0.00;0.00;;;0.00;0.00;0.00;0.00;0.00;0.00
;;;;;;;;;;;;0;0;0;0;0;0;0.00;0.00;;;0.00;0.00;0.00;0.00;0.00;0.00
;;;;;;;;;;;;0;0;0;0;0;0;0.00;0.00;;;0.00;0.00;0.00;0.00;0.00;0.00
;;;;;;;;;;;;0;0;0;0;0;0;0.00;0.00;;;0.00;0.00;0.00;0.00;0.00;0.00
;;;;;;;;;;;;0;0;0;0;0;0;0.00;0.00;;;0.00;0.00;0.00;0.00;0.00;0.00
;;;;;;;;;;;;0;0;0;0;0;0;0.00;0.00;;;0.00;0.00;0.00;0.00;0.00;0.00
;;;;;;;;;;;;0;0;0;0;0;0;0.00;0.00;;;0.00;0.00;0.00;0.00;0.00;0.00
;;;;;;;;;;;;0;0;0;0;0;0;0.00;0.00;;;0.00;0.00;0.00;0.00;0.00;0.00
;;;;;;;;;;;;0;0;0;0;0;0;0.00;0.00;;;0.00;0.00;0.00;0.00;0.00;0.00
;;;;;;;;;;;;0;0;0;0;0;0;0.00;0.00;;;0.00;0.00;0.00;0.00;0.00;0.00
;;;;;;;;;;;;0;0;0;0;0;0;0.00;0.00;;;0.00;0.00;0.00;0.00;0.00;0.00
;;;;;;;;;;;;0;0;0;0;0;0;0.00;0.00;;;0.00;0.00;0.00;0.00;0.00;0.00
;;;;;;;;;;;;0;0;0;0;0;0;0.00;0.00;;;0.00;0.00;0.00;0.00;0.00;0.00
;;;;;;;;;;;;0;0;0;0;0;0;0.00;0.00;;;0.00;0.00;0.00;0.00;0.00;0.00
;;;;;;;;;;;;0;0;0;0;0;0;0.00;0.00;;;0.00;0.00;0.00;0.00;0.00;0.00
;;;;;;;;;;;;0;0;0;0;0;0;0.00;0.00;;;0.00;0.00;0.00;0.00;0.00;0.00
;;;;;;;;;;;;0;0;0;0;0;0;0.00;0.00;;;0.00;0.00;0.00;0.00;0.00;0.00
;;;;;;;;;;;;0;0;0;0;0;0;0.00;0.00;;;0.00;0.00;0.00;0.00;0.00;0.00
;;;;;;;;;;;;0;0;0;0;0;0;0.00;0.00;;;0.00;0.00;0.00;0.00;0.00;0.00
;;;;;;;;;;;;0;0;0;0;0;0;0.00;0.00;;;0.00;0.00;0.00;0.00;0.00;0.00
;;;;;;;;;;;;0;0;0;0;0;0;0.00;0.00;;;0.00;0.00;0.00;0.00;0.00;0.00
;;;;;;;;;;;;0;0;0;0;0;0;0.00;0.00;;;0.00;0.00;0.00;0.00;0.00;0.00
;;;;;;;;;;;;0;0;0;0;0;0;0.00;0.00;;;0.00;0.00;0.00;0.00;0.00;0.00
;;;;;;;;;;;;0;0;0;0;0;0;0.00;0.00;;;0.00;0.00;0.00;0.00;0.00;0.00
;;;;;;;;;;;;0;0;0;0;0;0;0.00;0.00;;;0.00;0.00;0.00;0.00;0.00;0.00
;;;;;;;;;;;;0;0;0;0;0;0;0.00;0.00;;;0.00;0.00;0.00;0.00;0.00;0.00
;;;;;;;;;;;;0;0;0;0;0;0;0.00;0.00;;;0.00;0.00;0.00;0.00;0.00;0.00
;;;;;;;;;;;;0;0;0;0;0;0;0.00;0.00;;;0.00;0.00;0.00;0.00;0.00;0.00
;;;;;;;;;;;;0;0;0;0;0;0;0.00;0.00;;;0.00;0.00;0.00;0.00;0.00;0.00
;;;;;;;;;;;;0;0;0;0;0;0;0.00;0.00;;;0.00;0.00;0.00;0.00;0.00;0.00
;;;;;;;;;;;;0;0;0;0;0;0;0.00;0.00;;;0.00;0.00;0.00;0.00;0.00;0.00
;;;;;;;;;;;;0;0;0;0;0;0;0.00;0.00;;;0.00;0.00;0.00;0.00;0.00;0.00
;;;;;;;;;;;;0;0;0;0;0;0;0.00;0.00;;;0.00;0.00;0.00;0.00;0.00;0.00
;;;;;;;;;;;;0;0;0;0;0;0;0.00;0.00;;;0.00;0.00;0.00;0.00;0.00;0.00
;;;;;;;;;;;;0;0;0;0;0;0;0.00;0.00;;;0.00;0.00;0.00;0.00;0.00;0.00
;;;;;;;;;;;;0;0;0;0;0;0;0.00;0.00;;;0.00;0.00;0.00;0.00;0.00;0.00
;;;;;;;;;;;;0;0;0;0;0;0;0.00;0.00;;;0.00;0.00;0.00;0.00;0.00;0.00
;;;;;;;;;;;;0;0;0;0;0;0;0.00;0.00;;;0.00;0.00;0.00;0.00;0.00;0.00
;;;;;;;;;;;;0;0;0;0;0;0;0.00;0.00;;;0.00;0.00;0.00;0.00;0.00;0.00
;;;;;;;;;;;;0;0;0;0;0;0;0.00;0.00;;;0.00;0.00;0.00;0.00;0.00;0.00
;;;;;;;;;;;;0;0;0;0;0;0;0.00;0.00;;;0.00;0.00;0.00;0.00;0.00;0.00
;;;;;;;;;;;;0;0;0;0;0;0;0.00;0.00;;;0.00;0.00;0.00;0.00;0.00;0.00
;;;;;;;;;;;;0;0;0;0;0;0;0.00;0.00;;;0.00;0.00;0.00;0.00;0.00;0.00
;;;;;;;;;;;;0;0;0;0;0;0;0.00;0.00;;;0.00;0.00;0.00;0.00;0.00;0.00
;;;;;;;;;;;;0;0;0;0;0;0;0.00;0.00;;;0.00;0.00;0.00;0.00;0.00;0.00
;;;;;;;;;;;;0;0;0;0;0;0;0.00;0.00;;;0.00;0.00;0.00;0.00;0.00;0.00
;;;;;;;;;;;;0;0;0;0;0;0;0.00;0.00;;;0.00;0.00;0.00;0.00;0.00;0.00
;;;;;;;;;;;;0;0;0;0;0;0;0.00;0.00;;;0.00;0.00;0.00;0.00;0.00;0.00
;;;;;;;;;;;;0;0;0;0;0;0;0.00;0.00;;;0.00;0.00;0.00;0.00;0.00;0.00
;;;;;;;;;;;;0;0;0;0;0;0;0.00;0.00;;;0.00;0.00;0.00;0.00;0.00;0.00
;;;;;;;;;;;;0;0;0;0;0;0;0.00;0.00;;;0.00;0.00;0.00;0.00;0.00;0.00
;;;;;;;;;;;;0;0;0;0;0;0;0.00;0.00;;;0.00;0.00;0.00;0.00;0.00;0.00
;;;;;;;;;;;;0;0;0;0;0;0;0.00;0.00;;;0.00;0.00;0.00;0.00;0.00;0.00
;;;;;;;;;;;;0;0;0;0;0;0;0.00;0.00;;;0.00;0.00;0.00;0.00;0.00;0.00
;;;;;;;;;;;;0;0;0;0;0;0;0.00;0.00;;;0.00;0.00;0.00;0.00;0.00;0.00
;;;;;;;;;;;;0;0;0;0;0;0;0.00;0.00;;;0.00;0.00;0.00;0.00;0.00;0.00
;;;;;;;;;;;;0;0;0;0;0;0;0.00;0.00;;;0.00;0.00;0.00;0.00;0.00;0.00
;;;;;;;;;;;;0;0;0;0;0;0;0.00;0.00;;;0.00;0.00;0.00;0.00;0.00;0.00
;;;;;;;;;;;;0;0;0;0;0;0;0.00;0.00;;;0.00;0.00;0.00;0.00;0.00;0.00
;;;;;;;;;;;;0;0;0;0;0;0;0.00;0.00;;;0.00;0.00;0.00;0.00;0.00;0.00
;;;;;;;;;;;;0;0;0;0;0;0;0.00;0.00;;;0.00;0.00;0.00;0.00;0.00;0.00
;;;;;;;;;;;;0;0;0;0;0;0;0.00;0.00;;;0.00;0.00;0.00;0.00;0.00;0.00
;;;;;;;;;;;;0;0;0;0;0;0;0.00;0.00;;;0.00;0.00;0.00;0.00;0.00;0.00
;;;;;;;;;;;;0;0;0;0;0;0;0.00;0.00;;;0.00;0.00;0.00;0.00;0.00;0.00
;;;;;;;;;;;;0;0;0;0;0;0;0.00;0.00;;;0.00;0.00;0.00;0.00;0.00;0.00
;;;;;;;;;;;;0;0;0;0;0;0;0.00;0.00;;;0.00;0.00;0.00;0.00;0.00;0.00
;;;;;;;;;;;;0;0;0;0;0;0;0.00;0.00;;;0.00;0.00;0.00;0.00;0.00;0.00
;;;;;;;;;;;;0;0;0;0;0;0;0.00;0.00;;;0.00;0.00;0.00;0.00;0.00;0.00
;;;;;;;;;;;;0;0;0;0;0;0;0.00;0.00;;;0.00;0.00;0.00;0.00;0.00;0.00
;;;;;;;;;;;;0;0;0;0;0;0;0.00;0.00;;;0.00;0.00;0.00;0.00;0.00;0.00
;;;;;;;;;;;;0;0;0;0;0;0;0.00;0.00;;;0.00;0.00;0.00;0.00;0.00;0.00
;;;;;;;;;;;;0;0;0;0;0;0;0.00;0.00;;;0.00;0.00;0.00;0.00;0.00;0.00
;;;;;;;;;;;;0;0;0;0;0;0;0.00;0.00;;;0.00;0.00;0.00;0.00;0.00;0.00
;;;;;;;;;;;;0;0;0;0;0;0;0.00;0.00;;;0.00;0.00;0.00;0.00;0.00;0.00
;;;;;;;;;;;;0;0;0;0;0;0;0.00;0.00;;;0.00;0.00;0.00;0.00;0.00;0.00
;;;;;;;;;;;;0;0;0;0;0;0;0.00;0.00;;;0.00;0.00;0.00;0.00;0.00;0.00
;;;;;;;;;;;;0;0;0;0;0;0;0.00;0.00;;;0.00;0.00;0.00;0.00;0.00;0.00
;;;;;;;;;;;;0;0;0;0;0;0;0.00;0.00;;;0.00;0.00;0.00;0.00;0.00;0.00
;;;;;;;;;;;;0;0;0;0;0;0;0.00;0.00;;;0.00;0.00;0.00;0.00;0.00;0.00
;;;;;;;;;;;;0;0;0;0;0;0;0.00;0.00;;;0.00;0.00;0.00;0.00;0.00;0.00
;;;;;;;;;;;;0;0;0;0;0;0;0.00;0.00;;;0.00;0.00;0.00;0.00;0.00;0.00
;;;;;;;;;;;;0;0;0;0;0;0;0.00;0.00;;;0.00;0.00;0.00;0.00;0.00;0.00
;;;;;;;;;;;;0;0;0;0;0;0;0.00;0.00;;;0.00;0.00;0.00;0.00;0.00;0.00
;;;;;;;;;;;;0;0;0;0;0;0;0.00;0.00;;;0.00;0.00;0.00;0.00;0.00;0.00
;;;;;;;;;;;;0;0;0;0;0;0;0.00;0.00;;;0.00;0.00;0.00;0.00;0.00;0.00
;;;;;;;;;;;;0;0;0;0;0;0;0.00;0.00;;;0.00;0.00;0.00;0.00;0.00;0.00
;;;;;;;;;;;;0;0;0;0;0;0;0.00;0.00;;;0.00;0.00;0.00;0.00;0.00;0.00
;;;;;;;;;;;;0;0;0;0;0;0;0.00;0.00;;;0.00;0.00;0.00;0.00;0.00;0.00
;;;;;;;;;;;;0;0;0;0;0;0;0.00;0.00;;;0.00;0.00;0.00;0.00;0.00;0.00
;;;;;;;;;;;;0;0;0;0;0;0;0.00;0.00;;;0.00;0.00;0.00;0.00;0.00;0.00
;;;;;;;;;;;;0;0;0;0;0;0;0.00;0.00;;;0.00;0.00;0.00;0.00;0.00;0.00
;;;;;;;;;;;;0;0;0;0;0;0;0.00;0.00;;;0.00;0.00;0.00;0.00;0.00;0.00
;;;;;;;;;;;;0;0;0;0;0;0;0.00;0.00;;;0.00;0.00;0.00;0.00;0.00;0.00
;;;;;;;;;;;;0;0;0;0;0;0;0.00;0.00;;;0.00;0.00;0.00;0.00;0.00;0.00
;;;;;;;;;;;;0;0;0;0;0;0;0.00;0.00;;;0.00;0.00;0.00;0.00;0.00;0.00
;;;;;;;;;;;;0;0;0;0;0;0;0.00;0.00;;;0.00;0.00;0.00;0.00;0.00;0.00
;;;;;;;;;;;;0;0;0;0;0;0;0.00;0.00;;;0.00;0.00;0.00;0.00;0.00;0.00
;;;;;;;;;;;;0;0;0;0;0;0;0.00;0.00;;;0.00;0.00;0.00;0.00;0.00;0.00
;;;;;;;;;;;;0;0;0;0;0;0;0.00;0.00;;;0.00;0.00;0.00;0.00;0.00;0.00
;;;;;;;;;;;;0;0;0;0;0;0;0.00;0.00;;;0.00;0.00;0.00;0.00;0.00;0.00
;;;;;;;;;;;;0;0;0;0;0;0;0.00;0.00;;;0.00;0.00;0.00;0.00;0.00;0.00
;;;;;;;;;;;;0;0;0;0;0;0;0.00;0.00;;;0.00;0.00;0.00;0.00;0.00;0.00
;;;;;;;;;;;;0;0;0;0;0;0;0.00;0.00;;;0.00;0.00;0.00;0.00;0.00;0.00
;;;;;;;;;;;;0;0;0;0;0;0;0.00;0.00;;;0.00;0.00;0.00;0.00;0.00;0.00
;;;;;;;;;;;;0;0;0;0;0;0;0.00;0.00;;;0.00;0.00;0.00;0.00;0.00;0.00
;;;;;;;;;;;;0;0;0;0;0;0;0.00;0.00;;;0.00;0.00;0.00;0.00;0.00;0.00
;;;;;;;;;;;;0;0;0;0;0;0;0.00;0.00;;;0.00;0.00;0.00;0.00;0.00;0.00
;;;;;;;;;;;;0;0;0;0;0;0;0.00;0.00;;;0.00;0.00;0.00;0.00;0.00;0.00
;;;;;;;;;;;;0;0;0;0;0;0;0.00;0.00;;;0.00;0.00;0.00;0.00;0.00;0.00
;;;;;;;;;;;;0;0;0;0;0;0;0.00;0.00;;;0.00;0.00;0.00;0.00;0.00;0.00
;;;;;;;;;;;;0;0;0;0;0;0;0.00;0.00;;;0.00;0.00;0.00;0.00;0.00;0.00
;;;;;;;;;;;;0;0;0;0;0;0;0.00;0.00;;;0.00;0.00;0.00;0.00;0.00;0.00
;;;;;;;;;;;;0;0;0;0;0;0;0.00;0.00;;;0.00;0.00;0.00;0.00;0.00;0.00
;;;;;;;;;;;;0;0;0;0;0;0;0.00;0.00;;;0.00;0.00;0.00;0.00;0.00;0.00
;;;;;;;;;;;;0;0;0;0;0;0;0.00;0.00;;;0.00;0.00;0.00;0.00;0.00;0.00
;;;;;;;;;;;;0;0;0;0;0;0;0.00;0.00;;;0.00;0.00;0.00;0.00;0.00;0.00
;;;;;;;;;;;;0;0;0;0;0;0;0.00;0.00;;;0.00;0.00;0.00;0.00;0.00;0.00
;;;;;;;;;;;;0;0;0;0;0;0;0.00;0.00;;;0.00;0.00;0.00;0.00;0.00;0.00
;;;;;;;;;;;;0;0;0;0;0;0;0.00;0.00;;;0.00;0.00;0.00;0.00;0.00;0.00
;;;;;;;;;;;;0;0;0;0;0;0;0.00;0.00;;;0.00;0.00;0.00;0.00;0.00;0.00
;;;;;;;;;;;;0;0;0;0;0;0;0.00;0.00;;;0.00;0.00;0.00;0.00;0.00;0.00
;;;;;;;;;;;;0;0;0;0;0;0;0.00;0.00;;;0.00;0.00;0.00;0.00;0.00;0.00
;;;;;;;;;;;;0;0;0;0;0;0;0.00;0.00;;;0.00;0.00;0.00;0.00;0.00;0.00
;;;;;;;;;;;;0;0;0;0;0;0;0.00;0.00;;;0.00;0.00;0.00;0.00;0.00;0.00
;;;;;;;;;;;;0;0;0;0;0;0;0.00;0.00;;;0.00;0.00;0.00;0.00;0.00;0.00
;;;;;;;;;;;;0;0;0;0;0;0;0.00;0.00;;;0.00;0.00;0.00;0.00;0.00;0.00
;;;;;;;;;;;;0;0;0;0;0;0;0.00;0.00;;;0.00;0.00;0.00;0.00;0.00;0.00
;;;;;;;;;;;;0;0;0;0;0;0;0.00;0.00;;;0.00;0.00;0.00;0.00;0.00;0.00
;;;;;;;;;;;;0;0;0;0;0;0;0.00;0.00;;;0.00;0.00;0.00;0.00;0.00;0.00
;;;;;;;;;;;;0;0;0;0;0;0;0.00;0.00;;;0.00;0.00;0.00;0.00;0.00;0.00
;;;;;;;;;;;;0;0;0;0;0;0;0.00;0.00;;;0.00;0.00;0.00;0.00;0.00;0.00
;;;;;;;;;;;;0;0;0;0;0;0;0.00;0.00;;;0.00;0.00;0.00;0.00;0.00;0.00
;;;;;;;;;;;;0;0;0;0;0;0;0.00;0.00;;;0.00;0.00;0.00;0.00;0.00;0.00
;;;;;;;;;;;;0;0;0;0;0;0;0.00;0.00;;;0.00;0.00;0.00;0.00;0.00;0.00
;;;;;;;;;;;;0;0;0;0;0;0;0.00;0.00;;;0.00;0.00;0.00;0.00;0.00;0.00
;;;;;;;;;;;;0;0;0;0;0;0;0.00;0.00;;;0.00;0.00;0.00;0.00;0.00;0.00
;;;;;;;;;;;;0;0;0;0;0;0;0.00;0.00;;;0.00;0.00;0.00;0.00;0.00;0.00
;;;;;;;;;;;;0;0;0;0;0;0;0.00;0.00;;;0.00;0.00;0.00;0.00;0.00;0.00
;;;;;;;;;;;;0;0;0;0;0;0;0.00;0.00;;;0.00;0.00;0.00;0.00;0.00;0.00
;;;;;;;;;;;;0;0;0;0;0;0;0.00;0.00;;;0.00;0.00;0.00;0.00;0.00;0.00
;;;;;;;;;;;;0;0;0;0;0;0;0.00;0.00;;;0.00;0.00;0.00;0.00;0.00;0.00
;;;;;;;;;;;;0;0;0;0;0;0;0.00;0.00;;;0.00;0.00;0.00;0.00;0.00;0.00
;;;;;;;;;;;;0;0;0;0;0;0;0.00;0.00;;;0.00;0.00;0.00;0.00;0.00;0.00
;;;;;;;;;;;;0;0;0;0;0;0;0.00;0.00;;;0.00;0.00;0.00;0.00;0.00;0.00
;;;;;;;;;;;;0;0;0;0;0;0;0.00;0.00;;;0.00;0.00;0.00;0.00;0.00;0.00
;;;;;;;;;;;;0;0;0;0;0;0;0.00;0.00;;;0.00;0.00;0.00;0.00;0.00;0.00
;;;;;;;;;;;;0;0;0;0;0;0;0.00;0.00;;;0.00;0.00;0.00;0.00;0.00;0.00
;;;;;;;;;;;;0;0;0;0;0;0;0.00;0.00;;;0.00;0.00;0.00;0.00;0.00;0.00
;;;;;;;;;;;;0;0;0;0;0;0;0.00;0.00;;;0.00;0.00;0.00;0.00;0.00;0.00
;;;;;;;;;;;;0;0;0;0;0;0;0.00;0.00;;;0.00;0.00;0.00;0.00;0.00;0.00
;;;;;;;;;;;;0;0;0;0;0;0;0.00;0.00;;;0.00;0.00;0.00;0.00;0.00;0.00
;;;;;;;;;;;;0;0;0;0;0;0;0.00;0.00;;;0.00;0.00;0.00;0.00;0.00;0.00
;;;;;;;;;;;;0;0;0;0;0;0;0.00;0.00;;;0.00;0.00;0.00;0.00;0.00;0.00
;;;;;;;;;;;;0;0;0;0;0;0;0.00;0.00;;;0.00;0.00;0.00;0.00;0.00;0.00
;;;;;;;;;;;;0;0;0;0;0;0;0.00;0.00;;;0.00;0.00;0.00;0.00;0.00;0.00
;;;;;;;;;;;;0;0;0;0;0;0;0.00;0.00;;;0.00;0.00;0.00;0.00;0.00;0.00
;;;;;;;;;;;;0;0;0;0;0;0;0.00;0.00;;;0.00;0.00;0.00;0.00;0.00;0.00
;;;;;;;;;;;;0;0;0;0;0;0;0.00;0.00;;;0.00;0.00;0.00;0.00;0.00;0.00
;;;;;;;;;;;;0;0;0;0;0;0;0.00;0.00;;;0.00;0.00;0.00;0.00;0.00;0.00
;;;;;;;;;;;;0;0;0;0;0;0;0.00;0.00;;;0.00;0.00;0.00;0.00;0.00;0.00
;;;;;;;;;;;;0;0;0;0;0;0;0.00;0.00;;;0.00;0.00;0.00;0.00;0.00;0.00
;;;;;;;;;;;;0;0;0;0;0;0;0.00;0.00;;;0.00;0.00;0.00;0.00;0.00;0.00
;;;;;;;;;;;;0;0;0;0;0;0;0.00;0.00;;;0.00;0.00;0.00;0.00;0.00;0.00
;;;;;;;;;;;;0;0;0;0;0;0;0.00;0.00;;;0.00;0.00;0.00;0.00;0.00;0.00
;;;;;;;;;;;;0;0;0;0;0;0;0.00;0.00;;;0.00;0.00;0.00;0.00;0.00;0.00
;;;;;;;;;;;;0;0;0;0;0;0;0.00;0.00;;;0.00;0.00;0.00;0.00;0.00;0.00
;;;;;;;;;;;;0;0;0;0;0;0;0.00;0.00;;;0.00;0.00;0.00;0.00;0.00;0.00
;;;;;;;;;;;;0;0;0;0;0;0;0.00;0.00;;;0.00;0.00;0.00;0.00;0.00;0.00
;;;;;;;;;;;;0;0;0;0;0;0;0.00;0.00;;;0.00;0.00;0.00;0.00;0.00;0.00
;;;;;;;;;;;;0;0;0;0;0;0;0.00;0.00;;;0.00;0.00;0.00;0.00;0.00;0.00
;;;;;;;;;;;;0;0;0;0;0;0;0.00;0.00;;;0.00;0.00;0.00;0.00;0.00;0.00
;;;;;;;;;;;;0;0;0;0;0;0;0.00;0.00;;;0.00;0.00;0.00;0.00;0.00;0.00
;;;;;;;;;;;;0;0;0;0;0;0;0.00;0.00;;;0.00;0.00;0.00;0.00;0.00;0.00
;;;;;;;;;;;;0;0;0;0;0;0;0.00;0.00;;;0.00;0.00;0.00;0.00;0.00;0.00
;;;;;;;;;;;;0;0;0;0;0;0;0.00;0.00;;;0.00;0.00;0.00;0.00;0.00;0.00
;;;;;;;;;;;;0;0;0;0;0;0;0.00;0.00;;;0.00;0.00;0.00;0.00;0.00;0.00
;;;;;;;;;;;;0;0;0;0;0;0;0.00;0.00;;;0.00;0.00;0.00;0.00;0.00;0.00
;;;;;;;;;;;;0;0;0;0;0;0;0.00;0.00;;;0.00;0.00;0.00;0.00;0.00;0.00
;;;;;;;;;;;;0;0;0;0;0;0;0.00;0.00;;;0.00;0.00;0.00;0.00;0.00;0.00
;;;;;;;;;;;;0;0;0;0;0;0;0.00;0.00;;;0.00;0.00;0.00;0.00;0.00;0.00
;;;;;;;;;;;;0;0;0;0;0;0;0.00;0.00;;;0.00;0.00;0.00;0.00;0.00;0.00
;;;;;;;;;;;;0;0;0;0;0;0;0.00;0.00;;;0.00;0.00;0.00;0.00;0.00;0.00
;;;;;;;;;;;;0;0;0;0;0;0;0.00;0.00;;;0.00;0.00;0.00;0.00;0.00;0.00
;;;;;;;;;;;;0;0;0;0;0;0;0.00;0.00;;;0.00;0.00;0.00;0.00;0.00;0.00
;;;;;;;;;;;;0;0;0;0;0;0;0.00;0.00;;;0.00;0.00;0.00;0.00;0.00;0.00
;;;;;;;;;;;;0;0;0;0;0;0;0.00;0.00;;;0.00;0.00;0.00;0.00;0.00;0.00
;;;;;;;;;;;;0;0;0;0;0;0;0.00;0.00;;;0.00;0.00;0.00;0.00;0.00;0.00
;;;;;;;;;;;;0;0;0;0;0;0;0.00;0.00;;;0.00;0.00;0.00;0.00;0.00;0.00
;;;;;;;;;;;;0;0;0;0;0;0;0.00;0.00;;;0.00;0.00;0.00;0.00;0.00;0.00
;;;;;;;;;;;;0;0;0;0;0;0;0.00;0.00;;;0.00;0.00;0.00;0.00;0.00;0.00
;;;;;;;;;;;;0;0;0;0;0;0;0.00;0.00;;;0.00;0.00;0.00;0.00;0.00;0.00
;;;;;;;;;;;;0;0;0;0;0;0;0.00;0.00;;;0.00;0.00;0.00;0.00;0.00;0.00
;;;;;;;;;;;;0;0;0;0;0;0;0.00;0.00;;;0.00;0.00;0.00;0.00;0.00;0.00
;;;;;;;;;;;;0;0;0;0;0;0;0.00;0.00;;;0.00;0.00;0.00;0.00;0.00;0.00
;;;;;;;;;;;;0;0;0;0;0;0;0.00;0.00;;;0.00;0.00;0.00;0.00;0.00;0.00
;;;;;;;;;;;;0;0;0;0;0;0;0.00;0.00;;;0.00;0.00;0.00;0.00;0.00;0.00
;;;;;;;;;;;;0;0;0;0;0;0;0.00;0.00;;;0.00;0.00;0.00;0.00;0.00;0.00
;;;;;;;;;;;;0;0;0;0;0;0;0.00;0.00;;;0.00;0.00;0.00;0.00;0.00;0.00
;;;;;;;;;;;;0;0;0;0;0;0;0.00;0.00;;;0.00;0.00;0.00;0.00;0.00;0.00
;;;;;;;;;;;;0;0;0;0;0;0;0.00;0.00;;;0.00;0.00;0.00;0.00;0.00;0.00
;;;;;;;;;;;;0;0;0;0;0;0;0.00;0.00;;;0.00;0.00;0.00;0.00;0.00;0.00
;;;;;;;;;;;;0;0;0;0;0;0;0.00;0.00;;;0.00;0.00;0.00;0.00;0.00;0.00
;;;;;;;;;;;;0;0;0;0;0;0;0.00;0.00;;;0.00;0.00;0.00;0.00;0.00;0.00
;;;;;;;;;;;;0;0;0;0;0;0;0.00;0.00;;;0.00;0.00;0.00;0.00;0.00;0.00
;;;;;;;;;;;;0;0;0;0;0;0;0.00;0.00;;;0.00;0.00;0.00;0.00;0.00;0.00
;;;;;;;;;;;;0;0;0;0;0;0;0.00;0.00;;;0.00;0.00;0.00;0.00;0.00;0.00
;;;;;;;;;;;;0;0;0;0;0;0;0.00;0.00;;;0.00;0.00;0.00;0.00;0.00;0.00
;;;;;;;;;;;;0;0;0;0;0;0;0.00;0.00;;;0.00;0.00;0.00;0.00;0.00;0.00
;;;;;;;;;;;;0;0;0;0;0;0;0.00;0.00;;;0.00;0.00;0.00;0.00;0.00;0.00
;;;;;;;;;;;;0;0;0;0;0;0;0.00;0.00;;;0.00;0.00;0.00;0.00;0.00;0.00
;;;;;;;;;;;;0;0;0;0;0;0;0.00;0.00;;;0.00;0.00;0.00;0.00;0.00;0.00
;;;;;;;;;;;;0;0;0;0;0;0;0.00;0.00;;;0.00;0.00;0.00;0.00;0.00;0.00
;;;;;;;;;;;;0;0;0;0;0;0;0.00;0.00;;;0.00;0.00;0.00;0.00;0.00;0.00
;;;;;;;;;;;;0;0;0;0;0;0;0.00;0.00;;;0.00;0.00;0.00;0.00;0.00;0.00
;;;;;;;;;;;;0;0;0;0;0;0;0.00;0.00;;;0.00;0.00;0.00;0.00;0.00;0.00
;;;;;;;;;;;;0;0;0;0;0;0;0.00;0.00;;;0.00;0.00;0.00;0.00;0.00;0.00
;;;;;;;;;;;;0;0;0;0;0;0;0.00;0.00;;;0.00;0.00;0.00;0.00;0.00;0.00
;;;;;;;;;;;;0;0;0;0;0;0;0.00;0.00;;;0.00;0.00;0.00;0.00;0.00;0.00
;;;;;;;;;;;;0;0;0;0;0;0;0.00;0.00;;;0.00;0.00;0.00;0.00;0.00;0.00
;;;;;;;;;;;;0;0;0;0;0;0;0.00;0.00;;;0.00;0.00;0.00;0.00;0.00;0.00
;;;;;;;;;;;;0;0;0;0;0;0;0.00;0.00;;;0.00;0.00;0.00;0.00;0.00;0.00
;;;;;;;;;;;;0;0;0;0;0;0;0.00;0.00;;;0.00;0.00;0.00;0.00;0.00;0.00
;;;;;;;;;;;;0;0;0;0;0;0;0.00;0.00;;;0.00;0.00;0.00;0.00;0.00;0.00
;;;;;;;;;;;;0;0;0;0;0;0;0.00;0.00;;;0.00;0.00;0.00;0.00;0.00;0.00
;;;;;;;;;;;;0;0;0;0;0;0;0.00;0.00;;;0.00;0.00;0.00;0.00;0.00;0.00
;;;;;;;;;;;;0;0;0;0;0;0;0.00;0.00;;;0.00;0.00;0.00;0.00;0.00;0.00
;;;;;;;;;;;;0;0;0;0;0;0;0.00;0.00;;;0.00;0.00;0.00;0.00;0.00;0.00
;;;;;;;;;;;;0;0;0;0;0;0;0.00;0.00;;;0.00;0.00;0.00;0.00;0.00;0.00
;;;;;;;;;;;;0;0;0;0;0;0;0.00;0.00;;;0.00;0.00;0.00;0.00;0.00;0.00
;;;;;;;;;;;;0;0;0;0;0;0;0.00;0.00;;;0.00;0.00;0.00;0.00;0.00;0.00
;;;;;;;;;;;;0;0;0;0;0;0;0.00;0.00;;;0.00;0.00;0.00;0.00;0.00;0.00
;;;;;;;;;;;;0;0;0;0;0;0;0.00;0.00;;;0.00;0.00;0.00;0.00;0.00;0.00
;;;;;;;;;;;;0;0;0;0;0;0;0.00;0.00;;;0.00;0.00;0.00;0.00;0.00;0.00
;;;;;;;;;;;;0;0;0;0;0;0;0.00;0.00;;;0.00;0.00;0.00;0.00;0.00;0.00
;;;;;;;;;;;;0;0;0;0;0;0;0.00;0.00;;;0.00;0.00;0.00;0.00;0.00;0.00
;;;;;;;;;;;;0;0;0;0;0;0;0.00;0.00;;;0.00;0.00;0.00;0.00;0.00;0.00
;;;;;;;;;;;;0;0;0;0;0;0;0.00;0.00;;;0.00;0.00;0.00;0.00;0.00;0.00
;;;;;;;;;;;;0;0;0;0;0;0;0.00;0.00;;;0.00;0.00;0.00;0.00;0.00;0.00
;;;;;;;;;;;;0;0;0;0;0;0;0.00;0.00;;;0.00;0.00;0.00;0.00;0.00;0.00
;;;;;;;;;;;;0;0;0;0;0;0;0.00;0.00;;;0.00;0.00;0.00;0.00;0.00;0.00
;;;;;;;;;;;;0;0;0;0;0;0;0.00;0.00;;;0.00;0.00;0.00;0.00;0.00;0.00
;;;;;;;;;;;;0;0;0;0;0;0;0.00;0.00;;;0.00;0.00;0.00;0.00;0.00;0.00
;;;;;;;;;;;;0;0;0;0;0;0;0.00;0.00;;;0.00;0.00;0.00;0.00;0.00;0.00
;;;;;;;;;;;;0;0;0;0;0;0;0.00;0.00;;;0.00;0.00;0.00;0.00;0.00;0.00
;;;;;;;;;;;;0;0;0;0;0;0;0.00;0.00;;;0.00;0.00;0.00;0.00;0.00;0.00
;;;;;;;;;;;;0;0;0;0;0;0;0.00;0.00;;;0.00;0.00;0.00;0.00;0.00;0.00
;;;;;;;;;;;;0;0;0;0;0;0;0.00;0.00;;;0.00;0.00;0.00;0.00;0.00;0.00
;;;;;;;;;;;;0;0;0;0;0;0;0.00;0.00;;;0.00;0.00;0.00;0.00;0.00;0.00
;;;;;;;;;;;;0;0;0;0;0;0;0.00;0.00;;;0.00;0.00;0.00;0.00;0.00;0.00
;;;;;;;;;;;;0;0;0;0;0;0;0.00;0.00;;;0.00;0.00;0.00;0.00;0.00;0.00
;;;;;;;;;;;;0;0;0;0;0;0;0.00;0.00;;;0.00;0.00;0.00;0.00;0.00;0.00
;;;;;;;;;;;;0;0;0;0;0;0;0.00;0.00;;;0.00;0.00;0.00;0.00;0.00;0.00
;;;;;;;;;;;;0;0;0;0;0;0;0.00;0.00;;;0.00;0.00;0.00;0.00;0.00;0.00
;;;;;;;;;;;;0;0;0;0;0;0;0.00;0.00;;;0.00;0.00;0.00;0.00;0.00;0.00
;;;;;;;;;;;;0;0;0;0;0;0;0.00;0.00;;;0.00;0.00;0.00;0.00;0.00;0.00
;;;;;;;;;;;;0;0;0;0;0;0;0.00;0.00;;;0.00;0.00;0.00;0.00;0.00;0.00
;;;;;;;;;;;;0;0;0;0;0;0;0.00;0.00;;;0.00;0.00;0.00;0.00;0.00;0.00
;;;;;;;;;;;;0;0;0;0;0;0;0.00;0.00;;;0.00;0.00;0.00;0.00;0.00;0.00
;;;;;;;;;;;;0;0;0;0;0;0;0.00;0.00;;;0.00;0.00;0.00;0.00;0.00;0.00
;;;;;;;;;;;;0;0;0;0;0;0;0.00;0.00;;;0.00;0.00;0.00;0.00;0.00;0.00
;;;;;;;;;;;;0;0;0;0;0;0;0.00;0.00;;;0.00;0.00;0.00;0.00;0.00;0.00
;;;;;;;;;;;;0;0;0;0;0;0;0.00;0.00;;;0.00;0.00;0.00;0.00;0.00;0.00
;;;;;;;;;;;;0;0;0;0;0;0;0.00;0.00;;;0.00;0.00;0.00;0.00;0.00;0.00
;;;;;;;;;;;;0;0;0;0;0;0;0.00;0.00;;;0.00;0.00;0.00;0.00;0.00;0.00
;;;;;;;;;;;;0;0;0;0;0;0;0.00;0.00;;;0.00;0.00;0.00;0.00;0.00;0.00
;;;;;;;;;;;;0;0;0;0;0;0;0.00;0.00;;;0.00;0.00;0.00;0.00;0.00;0.00
;;;;;;;;;;;;0;0;0;0;0;0;0.00;0.00;;;0.00;0.00;0.00;0.00;0.00;0.00
;;;;;;;;;;;;0;0;0;0;0;0;0.00;0.00;;;0.00;0.00;0.00;0.00;0.00;0.00
;;;;;;;;;;;;0;0;0;0;0;0;0.00;0.00;;;0.00;0.00;0.00;0.00;0.00;0.00
;;;;;;;;;;;;0;0;0;0;0;0;0.00;0.00;;;0.00;0.00;0.00;0.00;0.00;0.00
;;;;;;;;;;;;0;0;0;0;0;0;0.00;0.00;;;0.00;0.00;0.00;0.00;0.00;0.00
;;;;;;;;;;;;0;0;0;0;0;0;0.00;0.00;;;0.00;0.00;0.00;0.00;0.00;0.00
;;;;;;;;;;;;0;0;0;0;0;0;0.00;0.00;;;0.00;0.00;0.00;0.00;0.00;0.00
;;;;;;;;;;;;0;0;0;0;0;0;0.00;0.00;;;0.00;0.00;0.00;0.00;0.00;0.00
;;;;;;;;;;;;0;0;0;0;0;0;0.00;0.00;;;0.00;0.00;0.00;0.00;0.00;0.00
;;;;;;;;;;;;0;0;0;0;0;0;0.00;0.00;;;0.00;0.00;0.00;0.00;0.00;0.00
;;;;;;;;;;;;0;0;0;0;0;0;0.00;0.00;;;0.00;0.00;0.00;0.00;0.00;0.00
;;;;;;;;;;;;0;0;0;0;0;0;0.00;0.00;;;0.00;0.00;0.00;0.00;0.00;0.00
;;;;;;;;;;;;0;0;0;0;0;0;0.00;0.00;;;0.00;0.00;0.00;0.00;0.00;0.00
;;;;;;;;;;;;0;0;0;0;0;0;0.00;0.00;;;0.00;0.00;0.00;0.00;0.00;0.00
;;;;;;;;;;;;0;0;0;0;0;0;0.00;0.00;;;0.00;0.00;0.00;0.00;0.00;0.00
;;;;;;;;;;;;0;0;0;0;0;0;0.00;0.00;;;0.00;0.00;0.00;0.00;0.00;0.00
;;;;;;;;;;;;0;0;0;0;0;0;0.00;0.00;;;0.00;0.00;0.00;0.00;0.00;0.00
;;;;;;;;;;;;0;0;0;0;0;0;0.00;0.00;;;0.00;0.00;0.00;0.00;0.00;0.00
;;;;;;;;;;;;0;0;0;0;0;0;0.00;0.00;;;0.00;0.00;0.00;0.00;0.00;0.00
;;;;;;;;;;;;0;0;0;0;0;0;0.00;0.00;;;0.00;0.00;0.00;0.00;0.00;0.00
;;;;;;;;;;;;0;0;0;0;0;0;0.00;0.00;;;0.00;0.00;0.00;0.00;0.00;0.00
;;;;;;;;;;;;0;0;0;0;0;0;0.00;0.00;;;0.00;0.00;0.00;0.00;0.00;0.00
;;;;;;;;;;;;0;0;0;0;0;0;0.00;0.00;;;0.00;0.00;0.00;0.00;0.00;0.00
;;;;;;;;;;;;0;0;0;0;0;0;0.00;0.00;;;0.00;0.00;0.00;0.00;0.00;0.00
;;;;;;;;;;;;0;0;0;0;0;0;0.00;0.00;;;0.00;0.00;0.00;0.00;0.00;0.00
;;;;;;;;;;;;0;0;0;0;0;0;0.00;0.00;;;0.00;0.00;0.00;0.00;0.00;0.00
;;;;;;;;;;;;0;0;0;0;0;0;0.00;0.00;;;0.00;0.00;0.00;0.00;0.00;0.00
;;;;;;;;;;;;0;0;0;0;0;0;0.00;0.00;;;0.00;0.00;0.00;0.00;0.00;0.00
;;;;;;;;;;;;0;0;0;0;0;0;0.00;0.00;;;0.00;0.00;0.00;0.00;0.00;0.00
;;;;;;;;;;;;0;0;0;0;0;0;0.00;0.00;;;0.00;0.00;0.00;0.00;0.00;0.00
;;;;;;;;;;;;0;0;0;0;0;0;0.00;0.00;;;0.00;0.00;0.00;0.00;0.00;0.00
;;;;;;;;;;;;0;0;0;0;0;0;0.00;0.00;;;0.00;0.00;0.00;0.00;0.00;0.00
;;;;;;;;;;;;0;0;0;0;0;0;0.00;0.00;;;0.00;0.00;0.00;0.00;0.00;0.00
;;;;;;;;;;;;0;0;0;0;0;0;0.00;0.00;;;0.00;0.00;0.00;0.00;0.00;0.00
;;;;;;;;;;;;0;0;0;0;0;0;0.00;0.00;;;0.00;0.00;0.00;0.00;0.00;0.00
;;;;;;;;;;;;0;0;0;0;0;0;0.00;0.00;;;0.00;0.00;0.00;0.00;0.00;0.00
;;;;;;;;;;;;0;0;0;0;0;0;0.00;0.00;;;0.00;0.00;0.00;0.00;0.00;0.00
;;;;;;;;;;;;0;0;0;0;0;0;0.00;0.00;;;0.00;0.00;0.00;0.00;0.00;0.00
;;;;;;;;;;;;0;0;0;0;0;0;0.00;0.00;;;0.00;0.00;0.00;0.00;0.00;0.00
;;;;;;;;;;;;0;0;0;0;0;0;0.00;0.00;;;0.00;0.00;0.00;0.00;0.00;0.00
;;;;;;;;;;;;0;0;0;0;0;0;0.00;0.00;;;0.00;0.00;0.00;0.00;0.00;0.00
;;;;;;;;;;;;0;0;0;0;0;0;0.00;0.00;;;0.00;0.00;0.00;0.00;0.00;0.00
;;;;;;;;;;;;0;0;0;0;0;0;0.00;0.00;;;0.00;0.00;0.00;0.00;0.00;0.00
;;;;;;;;;;;;0;0;0;0;0;0;0.00;0.00;;;0.00;0.00;0.00;0.00;0.00;0.00
;;;;;;;;;;;;0;0;0;0;0;0;0.00;0.00;;;0.00;0.00;0.00;0.00;0.00;0.00
;;;;;;;;;;;;0;0;0;0;0;0;0.00;0.00;;;0.00;0.00;0.00;0.00;0.00;0.00
;;;;;;;;;;;;0;0;0;0;0;0;0.00;0.00;;;0.00;0.00;0.00;0.00;0.00;0.00
;;;;;;;;;;;;0;0;0;0;0;0;0.00;0.00;;;0.00;0.00;0.00;0.00;0.00;0.00
;;;;;;;;;;;;0;0;0;0;0;0;0.00;0.00;;;0.00;0.00;0.00;0.00;0.00;0.00
;;;;;;;;;;;;0;0;0;0;0;0;0.00;0.00;;;0.00;0.00;0.00;0.00;0.00;0.00
;;;;;;;;;;;;0;0;0;0;0;0;0.00;0.00;;;0.00;0.00;0.00;0.00;0.00;0.00
;;;;;;;;;;;;0;0;0;0;0;0;0.00;0.00;;;0.00;0.00;0.00;0.00;0.00;0.00
;;;;;;;;;;;;0;0;0;0;0;0;0.00;0.00;;;0.00;0.00;0.00;0.00;0.00;0.00
;;;;;;;;;;;;0;0;0;0;0;0;0.00;0.00;;;0.00;0.00;0.00;0.00;0.00;0.00
;;;;;;;;;;;;0;0;0;0;0;0;0.00;0.00;;;0.00;0.00;0.00;0.00;0.00;0.00
;;;;;;;;;;;;0;0;0;0;0;0;0.00;0.00;;;0.00;0.00;0.00;0.00;0.00;0.00
;;;;;;;;;;;;0;0;0;0;0;0;0.00;0.00;;;0.00;0.00;0.00;0.00;0.00;0.00
;;;;;;;;;;;;0;0;0;0;0;0;0.00;0.00;;;0.00;0.00;0.00;0.00;0.00;0.00
;;;;;;;;;;;;0;0;0;0;0;0;0.00;0.00;;;0.00;0.00;0.00;0.00;0.00;0.00
;;;;;;;;;;;;0;0;0;0;0;0;0.00;0.00;;;0.00;0.00;0.00;0.00;0.00;0.00
;;;;;;;;;;;;0;0;0;0;0;0;0.00;0.00;;;0.00;0.00;0.00;0.00;0.00;0.00
;;;;;;;;;;;;0;0;0;0;0;0;0.00;0.00;;;0.00;0.00;0.00;0.00;0.00;0.00
;;;;;;;;;;;;0;0;0;0;0;0;0.00;0.00;;;0.00;0.00;0.00;0.00;0.00;0.00
;;;;;;;;;;;;0;0;0;0;0;0;0.00;0.00;;;0.00;0.00;0.00;0.00;0.00;0.00
;;;;;;;;;;;;0;0;0;0;0;0;0.00;0.00;;;0.00;0.00;0.00;0.00;0.00;0.00
;;;;;;;;;;;;0;0;0;0;0;0;0.00;0.00;;;0.00;0.00;0.00;0.00;0.00;0.00
;;;;;;;;;;;;0;0;0;0;0;0;0.00;0.00;;;0.00;0.00;0.00;0.00;0.00;0.00
;;;;;;;;;;;;0;0;0;0;0;0;0.00;0.00;;;0.00;0.00;0.00;0.00;0.00;0.00
;;;;;;;;;;;;0;0;0;0;0;0;0.00;0.00;;;0.00;0.00;0.00;0.00;0.00;0.00
;;;;;;;;;;;;0;0;0;0;0;0;0.00;0.00;;;0.00;0.00;0.00;0.00;0.00;0.00
;;;;;;;;;;;;0;0;0;0;0;0;0.00;0.00;;;0.00;0.00;0.00;0.00;0.00;0.00
;;;;;;;;;;;;0;0;0;0;0;0;0.00;0.00;;;0.00;0.00;0.00;0.00;0.00;0.00
;;;;;;;;;;;;0;0;0;0;0;0;0.00;0.00;;;0.00;0.00;0.00;0.00;0.00;0.00
;;;;;;;;;;;;0;0;0;0;0;0;0.00;0.00;;;0.00;0.00;0.00;0.00;0.00;0.00
;;;;;;;;;;;;0;0;0;0;0;0;0.00;0.00;;;0.00;0.00;0.00;0.00;0.00;0.00
;;;;;;;;;;;;0;0;0;0;0;0;0.00;0.00;;;0.00;0.00;0.00;0.00;0.00;0.00
;;;;;;;;;;;;0;0;0;0;0;0;0.00;0.00;;;0.00;0.00;0.00;0.00;0.00;0.00
;;;;;;;;;;;;0;0;0;0;0;0;0.00;0.00;;;0.00;0.00;0.00;0.00;0.00;0.00
;;;;;;;;;;;;0;0;0;0;0;0;0.00;0.00;;;0.00;0.00;0.00;0.00;0.00;0.00
;;;;;;;;;;;;0;0;0;0;0;0;0.00;0.00;;;0.00;0.00;0.00;0.00;0.00;0.00
;;;;;;;;;;;;0;0;0;0;0;0;0.00;0.00;;;0.00;0.00;0.00;0.00;0.00;0.00
;;;;;;;;;;;;0;0;0;0;0;0;0.00;0.00;;;0.00;0.00;0.00;0.00;0.00;0.00
;;;;;;;;;;;;0;0;0;0;0;0;0.00;0.00;;;0.00;0.00;0.00;0.00;0.00;0.00
;;;;;;;;;;;;0;0;0;0;0;0;0.00;0.00;;;0.00;0.00;0.00;0.00;0.00;0.00
;;;;;;;;;;;;0;0;0;0;0;0;0.00;0.00;;;0.00;0.00;0.00;0.00;0.00;0.00
;;;;;;;;;;;;0;0;0;0;0;0;0.00;0.00;;;0.00;0.00;0.00;0.00;0.00;0.00
;;;;;;;;;;;;0;0;0;0;0;0;0.00;0.00;;;0.00;0.00;0.00;0.00;0.00;0.00
;;;;;;;;;;;;0;0;0;0;0;0;0.00;0.00;;;0.00;0.00;0.00;0.00;0.00;0.00
;;;;;;;;;;;;0;0;0;0;0;0;0.00;0.00;;;0.00;0.00;0.00;0.00;0.00;0.00
;;;;;;;;;;;;0;0;0;0;0;0;0.00;0.00;;;0.00;0.00;0.00;0.00;0.00;0.00
;;;;;;;;;;;;0;0;0;0;0;0;0.00;0.00;;;0.00;0.00;0.00;0.00;0.00;0.00
;;;;;;;;;;;;0;0;0;0;0;0;0.00;0.00;;;0.00;0.00;0.00;0.00;0.00;0.00
;;;;;;;;;;;;0;0;0;0;0;0;0.00;0.00;;;0.00;0.00;0.00;0.00;0.00;0.00
;;;;;;;;;;;;0;0;0;0;0;0;0.00;0.00;;;0.00;0.00;0.00;0.00;0.00;0.00
;;;;;;;;;;;;0;0;0;0;0;0;0.00;0.00;;;0.00;0.00;0.00;0.00;0.00;0.00
;;;;;;;;;;;;0;0;0;0;0;0;0.00;0.00;;;0.00;0.00;0.00;0.00;0.00;0.00
;;;;;;;;;;;;0;0;0;0;0;0;0.00;0.00;;;0.00;0.00;0.00;0.00;0.00;0.00
;;;;;;;;;;;;0;0;0;0;0;0;0.00;0.00;;;0.00;0.00;0.00;0.00;0.00;0.00
;;;;;;;;;;;;0;0;0;0;0;0;0.00;0.00;;;0.00;0.00;0.00;0.00;0.00;0.00
;;;;;;;;;;;;0;0;0;0;0;0;0.00;0.00;;;0.00;0.00;0.00;0.00;0.00;0.00
;;;;;;;;;;;;0;0;0;0;0;0;0.00;0.00;;;0.00;0.00;0.00;0.00;0.00;0.00
;;;;;;;;;;;;0;0;0;0;0;0;0.00;0.00;;;0.00;0.00;0.00;0.00;0.00;0.00
;;;;;;;;;;;;0;0;0;0;0;0;0.00;0.00;;;0.00;0.00;0.00;0.00;0.00;0.00
;;;;;;;;;;;;0;0;0;0;0;0;0.00;0.00;;;0.00;0.00;0.00;0.00;0.00;0.00
;;;;;;;;;;;;0;0;0;0;0;0;0.00;0.00;;;0.00;0.00;0.00;0.00;0.00;0.00
;;;;;;;;;;;;0;0;0;0;0;0;0.00;0.00;;;0.00;0.00;0.00;0.00;0.00;0.00
;;;;;;;;;;;;0;0;0;0;0;0;0.00;0.00;;;0.00;0.00;0.00;0.00;0.00;0.00
;;;;;;;;;;;;0;0;0;0;0;0;0.00;0.00;;;0.00;0.00;0.00;0.00;0.00;0.00
;;;;;;;;;;;;0;0;0;0;0;0;0.00;0.00;;;0.00;0.00;0.00;0.00;0.00;0.00
;;;;;;;;;;;;0;0;0;0;0;0;0.00;0.00;;;0.00;0.00;0.00;0.00;0.00;0.00
;;;;;;;;;;;;0;0;0;0;0;0;0.00;0.00;;;0.00;0.00;0.00;0.00;0.00;0.00
;;;;;;;;;;;;0;0;0;0;0;0;0.00;0.00;;;0.00;0.00;0.00;0.00;0.00;0.00
;;;;;;;;;;;;0;0;0;0;0;0;0.00;0.00;;;0.00;0.00;0.00;0.00;0.00;0.00
;;;;;;;;;;;;0;0;0;0;0;0;0.00;0.00;;;0.00;0.00;0.00;0.00;0.00;0.00
;;;;;;;;;;;;0;0;0;0;0;0;0.00;0.00;;;0.00;0.00;0.00;0.00;0.00;0.00
;;;;;;;;;;;;0;0;0;0;0;0;0.00;0.00;;;0.00;0.00;0.00;0.00;0.00;0.00
;;;;;;;;;;;;0;0;0;0;0;0;0.00;0.00;;;0.00;0.00;0.00;0.00;0.00;0.00
;;;;;;;;;;;;0;0;0;0;0;0;0.00;0.00;;;0.00;0.00;0.00;0.00;0.00;0.00
;;;;;;;;;;;;0;0;0;0;0;0;0.00;0.00;;;0.00;0.00;0.00;0.00;0.00;0.00
;;;;;;;;;;;;0;0;0;0;0;0;0.00;0.00;;;0.00;0.00;0.00;0.00;0.00;0.00
;;;;;;;;;;;;0;0;0;0;0;0;0.00;0.00;;;0.00;0.00;0.00;0.00;0.00;0.00
;;;;;;;;;;;;0;0;0;0;0;0;0.00;0.00;;;0.00;0.00;0.00;0.00;0.00;0.00
;;;;;;;;;;;;0;0;0;0;0;0;0.00;0.00;;;0.00;0.00;0.00;0.00;0.00;0.00
;;;;;;;;;;;;0;0;0;0;0;0;0.00;0.00;;;0.00;0.00;0.00;0.00;0.00;0.00
;;;;;;;;;;;;0;0;0;0;0;0;0.00;0.00;;;0.00;0.00;0.00;0.00;0.00;0.00
;;;;;;;;;;;;0;0;0;0;0;0;0.00;0.00;;;0.00;0.00;0.00;0.00;0.00;0.00
;;;;;;;;;;;;0;0;0;0;0;0;0.00;0.00;;;0.00;0.00;0.00;0.00;0.00;0.00
;;;;;;;;;;;;0;0;0;0;0;0;0.00;0.00;;;0.00;0.00;0.00;0.00;0.00;0.00
;;;;;;;;;;;;0;0;0;0;0;0;0.00;0.00;;;0.00;0.00;0.00;0.00;0.00;0.00
;;;;;;;;;;;;0;0;0;0;0;0;0.00;0.00;;;0.00;0.00;0.00;0.00;0.00;0.00
;;;;;;;;;;;;0;0;0;0;0;0;0.00;0.00;;;0.00;0.00;0.00;0.00;0.00;0.00
;;;;;;;;;;;;0;0;0;0;0;0;0.00;0.00;;;0.00;0.00;0.00;0.00;0.00;0.00
;;;;;;;;;;;;0;0;0;0;0;0;0.00;0.00;;;0.00;0.00;0.00;0.00;0.00;0.00
;;;;;;;;;;;;0;0;0;0;0;0;0.00;0.00;;;0.00;0.00;0.00;0.00;0.00;0.00
;;;;;;;;;;;;0;0;0;0;0;0;0.00;0.00;;;0.00;0.00;0.00;0.00;0.00;0.00
;;;;;;;;;;;;0;0;0;0;0;0;0.00;0.00;;;0.00;0.00;0.00;0.00;0.00;0.00
;;;;;;;;;;;;0;0;0;0;0;0;0.00;0.00;;;0.00;0.00;0.00;0.00;0.00;0.00
;;;;;;;;;;;;0;0;0;0;0;0;0.00;0.00;;;0.00;0.00;0.00;0.00;0.00;0.00
;;;;;;;;;;;;0;0;0;0;0;0;0.00;0.00;;;0.00;0.00;0.00;0.00;0.00;0.00
;;;;;;;;;;;;0;0;0;0;0;0;0.00;0.00;;;0.00;0.00;0.00;0.00;0.00;0.00
;;;;;;;;;;;;0;0;0;0;0;0;0.00;0.00;;;0.00;0.00;0.00;0.00;0.00;0.00
;;;;;;;;;;;;0;0;0;0;0;0;0.00;0.00;;;0.00;0.00;0.00;0.00;0.00;0.00
;;;;;;;;;;;;0;0;0;0;0;0;0.00;0.00;;;0.00;0.00;0.00;0.00;0.00;0.00
;;;;;;;;;;;;0;0;0;0;0;0;0.00;0.00;;;0.00;0.00;0.00;0.00;0.00;0.00
;;;;;;;;;;;;0;0;0;0;0;0;0.00;0.00;;;0.00;0.00;0.00;0.00;0.00;0.00
;;;;;;;;;;;;0;0;0;0;0;0;0.00;0.00;;;0.00;0.00;0.00;0.00;0.00;0.00
;;;;;;;;;;;;0;0;0;0;0;0;0.00;0.00;;;0.00;0.00;0.00;0.00;0.00;0.00
;;;;;;;;;;;;0;0;0;0;0;0;0.00;0.00;;;0.00;0.00;0.00;0.00;0.00;0.00
;;;;;;;;;;;;0;0;0;0;0;0;0.00;0.00;;;0.00;0.00;0.00;0.00;0.00;0.00
;;;;;;;;;;;;0;0;0;0;0;0;0.00;0.00;;;0.00;0.00;0.00;0.00;0.00;0.00
;;;;;;;;;;;;0;0;0;0;0;0;0.00;0.00;;;0.00;0.00;0.00;0.00;0.00;0.00
;;;;;;;;;;;;0;0;0;0;0;0;0.00;0.00;;;0.00;0.00;0.00;0.00;0.00;0.00
;;;;;;;;;;;;0;0;0;0;0;0;0.00;0.00;;;0.00;0.00;0.00;0.00;0.00;0.00
;;;;;;;;;;;;0;0;0;0;0;0;0.00;0.00;;;0.00;0.00;0.00;0.00;0.00;0.00
;;;;;;;;;;;;0;0;0;0;0;0;0.00;0.00;;;0.00;0.00;0.00;0.00;0.00;0.00
;;;;;;;;;;;;0;0;0;0;0;0;0.00;0.00;;;0.00;0.00;0.00;0.00;0.00;0.00
;;;;;;;;;;;;0;0;0;0;0;0;0.00;0.00;;;0.00;0.00;0.00;0.00;0.00;0.00
;;;;;;;;;;;;0;0;0;0;0;0;0.00;0.00;;;0.00;0.00;0.00;0.00;0.00;0.00
;;;;;;;;;;;;0;0;0;0;0;0;0.00;0.00;;;0.00;0.00;0.00;0.00;0.00;0.00
;;;;;;;;;;;;0;0;0;0;0;0;0.00;0.00;;;0.00;0.00;0.00;0.00;0.00;0.00
;;;;;;;;;;;;0;0;0;0;0;0;0.00;0.00;;;0.00;0.00;0.00;0.00;0.00;0.00
;;;;;;;;;;;;0;0;0;0;0;0;0.00;0.00;;;0.00;0.00;0.00;0.00;0.00;0.00
;;;;;;;;;;;;0;0;0;0;0;0;0.00;0.00;;;0.00;0.00;0.00;0.00;0.00;0.00
;;;;;;;;;;;;0;0;0;0;0;0;0.00;0.00;;;0.00;0.00;0.00;0.00;0.00;0.00
;;;;;;;;;;;;0;0;0;0;0;0;0.00;0.00;;;0.00;0.00;0.00;0.00;0.00;0.00
;;;;;;;;;;;;0;0;0;0;0;0;0.00;0.00;;;0.00;0.00;0.00;0.00;0.00;0.00
;;;;;;;;;;;;0;0;0;0;0;0;0.00;0.00;;;0.00;0.00;0.00;0.00;0.00;0.00
;;;;;;;;;;;;0;0;0;0;0;0;0.00;0.00;;;0.00;0.00;0.00;0.00;0.00;0.00
;;;;;;;;;;;;0;0;0;0;0;0;0.00;0.00;;;0.00;0.00;0.00;0.00;0.00;0.00
;;;;;;;;;;;;0;0;0;0;0;0;0.00;0.00;;;0.00;0.00;0.00;0.00;0.00;0.00
;;;;;;;;;;;;0;0;0;0;0;0;0.00;0.00;;;0.00;0.00;0.00;0.00;0.00;0.00
;;;;;;;;;;;;0;0;0;0;0;0;0.00;0.00;;;0.00;0.00;0.00;0.00;0.00;0.00
;;;;;;;;;;;;0;0;0;0;0;0;0.00;0.00;;;0.00;0.00;0.00;0.00;0.00;0.00
;;;;;;;;;;;;0;0;0;0;0;0;0.00;0.00;;;0.00;0.00;0.00;0.00;0.00;0.00
;;;;;;;;;;;;0;0;0;0;0;0;0.00;0.00;;;0.00;0.00;0.00;0.00;0.00;0.00
;;;;;;;;;;;;0;0;0;0;0;0;0.00;0.00;;;0.00;0.00;0.00;0.00;0.00;0.00
;;;;;;;;;;;;0;0;0;0;0;0;0.00;0.00;;;0.00;0.00;0.00;0.00;0.00;0.00
;;;;;;;;;;;;0;0;0;0;0;0;0.00;0.00;;;0.00;0.00;0.00;0.00;0.00;0.00
;;;;;;;;;;;;0;0;0;0;0;0;0.00;0.00;;;0.00;0.00;0.00;0.00;0.00;0.00
;;;;;;;;;;;;0;0;0;0;0;0;0.00;0.00;;;0.00;0.00;0.00;0.00;0.00;0.00
;;;;;;;;;;;;0;0;0;0;0;0;0.00;0.00;;;0.00;0.00;0.00;0.00;0.00;0.00
;;;;;;;;;;;;0;0;0;0;0;0;0.00;0.00;;;0.00;0.00;0.00;0.00;0.00;0.00
;;;;;;;;;;;;0;0;0;0;0;0;0.00;0.00;;;0.00;0.00;0.00;0.00;0.00;0.00
;;;;;;;;;;;;0;0;0;0;0;0;0.00;0.00;;;0.00;0.00;0.00;0.00;0.00;0.00
;;;;;;;;;;;;0;0;0;0;0;0;0.00;0.00;;;0.00;0.00;0.00;0.00;0.00;0.00
;;;;;;;;;;;;0;0;0;0;0;0;0.00;0.00;;;0.00;0.00;0.00;0.00;0.00;0.00
;;;;;;;;;;;;0;0;0;0;0;0;0.00;0.00;;;0.00;0.00;0.00;0.00;0.00;0.00
;;;;;;;;;;;;0;0;0;0;0;0;0.00;0.00;;;0.00;0.00;0.00;0.00;0.00;0.00
;;;;;;;;;;;;0;0;0;0;0;0;0.00;0.00;;;0.00;0.00;0.00;0.00;0.00;0.00
;;;;;;;;;;;;0;0;0;0;0;0;0.00;0.00;;;0.00;0.00;0.00;0.00;0.00;0.00
;;;;;;;;;;;;0;0;0;0;0;0;0.00;0.00;;;0.00;0.00;0.00;0.00;0.00;0.00
;;;;;;;;;;;;0;0;0;0;0;0;0.00;0.00;;;0.00;0.00;0.00;0.00;0.00;0.00
;;;;;;;;;;;;0;0;0;0;0;0;0.00;0.00;;;0.00;0.00;0.00;0.00;0.00;0.00
;;;;;;;;;;;;0;0;0;0;0;0;0.00;0.00;;;0.00;0.00;0.00;0.00;0.00;0.00
;;;;;;;;;;;;0;0;0;0;0;0;0.00;0.00;;;0.00;0.00;0.00;0.00;0.00;0.00
;;;;;;;;;;;;0;0;0;0;0;0;0.00;0.00;;;0.00;0.00;0.00;0.00;0.00;0.00
;;;;;;;;;;;;0;0;0;0;0;0;0.00;0.00;;;0.00;0.00;0.00;0.00;0.00;0.00
;;;;;;;;;;;;0;0;0;0;0;0;0.00;0.00;;;0.00;0.00;0.00;0.00;0.00;0.00
;;;;;;;;;;;;0;0;0;0;0;0;0.00;0.00;;;0.00;0.00;0.00;0.00;0.00;0.00
;;;;;;;;;;;;0;0;0;0;0;0;0.00;0.00;;;0.00;0.00;0.00;0.00;0.00;0.00
;;;;;;;;;;;;0;0;0;0;0;0;0.00;0.00;;;0.00;0.00;0.00;0.00;0.00;0.00
;;;;;;;;;;;;0;0;0;0;0;0;0.00;0.00;;;0.00;0.00;0.00;0.00;0.00;0.00
;;;;;;;;;;;;0;0;0;0;0;0;0.00;0.00;;;0.00;0.00;0.00;0.00;0.00;0.00
;;;;;;;;;;;;0;0;0;0;0;0;0.00;0.00;;;0.00;0.00;0.00;0.00;0.00;0.00
;;;;;;;;;;;;0;0;0;0;0;0;0.00;0.00;;;0.00;0.00;0.00;0.00;0.00;0.00
;;;;;;;;;;;;0;0;0;0;0;0;0.00;0.00;;;0.00;0.00;0.00;0.00;0.00;0.00
;;;;;;;;;;;;0;0;0;0;0;0;0.00;0.00;;;0.00;0.00;0.00;0.00;0.00;0.00
;;;;;;;;;;;;0;0;0;0;0;0;0.00;0.00;;;0.00;0.00;0.00;0.00;0.00;0.00
;;;;;;;;;;;;0;0;0;0;0;0;0.00;0.00;;;0.00;0.00;0.00;0.00;0.00;0.00
;;;;;;;;;;;;0;0;0;0;0;0;0.00;0.00;;;0.00;0.00;0.00;0.00;0.00;0.00
;;;;;;;;;;;;0;0;0;0;0;0;0.00;0.00;;;0.00;0.00;0.00;0.00;0.00;0.00
;;;;;;;;;;;;0;0;0;0;0;0;0.00;0.00;;;0.00;0.00;0.00;0.00;0.00;0.00
;;;;;;;;;;;;0;0;0;0;0;0;0.00;0.00;;;0.00;0.00;0.00;0.00;0.00;0.00
;;;;;;;;;;;;0;0;0;0;0;0;0.00;0.00;;;0.00;0.00;0.00;0.00;0.00;0.00
;;;;;;;;;;;;0;0;0;0;0;0;0.00;0.00;;;0.00;0.00;0.00;0.00;0.00;0.00
;;;;;;;;;;;;0;0;0;0;0;0;0.00;0.00;;;0.00;0.00;0.00;0.00;0.00;0.00
;;;;;;;;;;;;0;0;0;0;0;0;0.00;0.00;;;0.00;0.00;0.00;0.00;0.00;0.00
;;;;;;;;;;;;0;0;0;0;0;0;0.00;0.00;;;0.00;0.00;0.00;0.00;0.00;0.00
;;;;;;;;;;;;0;0;0;0;0;0;0.00;0.00;;;0.00;0.00;0.00;0.00;0.00;0.00
;;;;;;;;;;;;0;0;0;0;0;0;0.00;0.00;;;0.00;0.00;0.00;0.00;0.00;0.00
;;;;;;;;;;;;0;0;0;0;0;0;0.00;0.00;;;0.00;0.00;0.00;0.00;0.00;0.00
;;;;;;;;;;;;0;0;0;0;0;0;0.00;0.00;;;0.00;0.00;0.00;0.00;0.00;0.00
;;;;;;;;;;;;0;0;0;0;0;0;0.00;0.00;;;0.00;0.00;0.00;0.00;0.00;0.00
;;;;;;;;;;;;0;0;0;0;0;0;0.00;0.00;;;0.00;0.00;0.00;0.00;0.00;0.00
;;;;;;;;;;;;0;0;0;0;0;0;0.00;0.00;;;0.00;0.00;0.00;0.00;0.00;0.00
;;;;;;;;;;;;0;0;0;0;0;0;0.00;0.00;;;0.00;0.00;0.00;0.00;0.00;0.00
;;;;;;;;;;;;0;0;0;0;0;0;0.00;0.00;;;0.00;0.00;0.00;0.00;0.00;0.00