#;Indicator_BHS;Indicator English;Focus Group;Concept;M;F;Y;Total;Code_1;Code_2;Comments;Code 1 ;Subcode 1;Subcat 1 name;Code 2;Subcode 2;Subcat 2 name;Dimension 1;Dimension 2;M-F;Min (M,F,Y);Imp score;Imp-M;Imp-F;Imp-Y;Imp-Cat1;Imp-Cat2
33;Djevojka ne mora biti nečija ljubavnica da bi dobila posao u Mostaru.;A girl doesn't have to be someone's mistress to get a job in Mostar.;women;life together;2;10;2;14;22.1;20.2;;22;10;Gender norms;20;2;Hiring & Employment;Culture & Society;Economic Activity & Livelihoods;-8;2;0.00;0.00;0.00;0.00;0.00;0.00
333;Žene rade i na drugim mjestima, ne samo trgovinama;Women don't only work in retail, but other places too;youth;life together;1;0;2;3;22.1;20.2;;22;10;Gender norms;20;2;Hiring & Employment;Culture & Society;Economic Activity & Livelihoods;;;0.00;0.00;0.00;0.00;0.00;0.00
283;U Podhumu ima više prostora za pješake;In Podhum there exists more space for pedestrians.;youth;life together;1;2;0;3;21.3;3.1;;21;3;Pedestrian Saftey;3;10;Open spaces;Culture & Society;Culture & Society;-1;0;0.00;0.00;0.00;0.00;0.00;0.00
80;Ljudi hodaju gradom bez straha da će ih neko pregaziti autom;People walk around the city without the fear of being run over by a car.;women;life together;0;1;0;1;21.3;2;;21;3;Pedestrian Saftey;2;0;Tranquility/Security;Culture & Society;Security;-1;0;0.00;0.00;0.00;0.00;0.00;0.00
70;Kamioni ne prave zastoje i ne uništavaju ceste (npr. kod Rondoa) jer ne prolaze kroz grad.;Trucks don't cause traffic jams and don't ruin the streets (for example, at the maiin round-about) because they pass through the city.;youth;life together;0;3;1;4;21.2;17.1;;21;2;Traffic;17;10;Roads;Culture & Society;Economic Activity & Livelihoods;-3;0;0.00;0.00;0.00;0.00;0.00;0.00
128;Mostarci ne odlaze, jer za njih ima posla u gradu.;People of Mostar don't leave because they can find jobs here;women;life together;0;1;4;5;20.8;;;20;8;Livelihoods;0;0;0;Economic Activity & Livelihoods;0.00;-1;0;0.00;0.00;0.00;0.00;0.00;0.00
97;Ljudi su zadovoljniji, jer pristojno zarađuju.;People are satisfied because they earn enough;women;life together;1;1;0;2;20.8;;;20;8;Livelihoods;0;0;0;Economic Activity & Livelihoods;0.00;0;0;0.00;0.00;0.00;0.00;0.00;0.00
162;Osnovne namirnice, kao hrana i ulje, nisu skupe;Essential groceries, like food and oil, are not expensive;youth;life together;0;0;1;1;20.8;;;20;8;Livelihoods;0;0;0;Economic Activity & Livelihoods;0.00;0;0;0.00;0.00;0.00;0.00;0.00;0.00
278;U Mostaru se stvaraju uslovi zaposlenja da mladi ostaju.;Better employment conditions are being created in Mostar in order to prevent younger generations from leaving;men;life together;1;0;0;1;20.5;15.4;;20;5;Youth employment;15;4;Livelihoods;Economic Activity & Livelihoods;Culture & Society;1;0;0.00;0.00;0.00;0.00;0.00;0.00
123;Mladi ljudi s 2 diplome nalaze posao u Mostaru iako nemaju stranačku diplomu.;Young people with 2 degrees find work in Mostar even though they do not have a party diploma.;men;life together;0;3;1;4;20.5;4.2;;20;5;Youth employment;4;2;Corruption;Economic Activity & Livelihoods;Rights & Dignity;-3;0;0.00;0.00;0.00;0.00;0.00;0.00
150;Ne radi se na crno pa radnici imaju zdravstveno osiguranje;There aren't illegal jobs, so workers have health insurance;youth;life together;0;0;1;1;20.3;10;;20;3;Workers protection and rights;10;0;Social Programs / Social Services;Economic Activity & Livelihoods;Rights & Dignity;0;0;0.00;0.00;0.00;0.00;0.00;0.00
263;U Mostaru ne vlada robovlasnički sistem i radnici uživaju radnička prava.;Mostar does not have a slave ownership system and workers enjoy workers' rights.;men;life together;0;1;2;3;20.3;;;20;3;Workers protection and rights;0;0;0;Economic Activity & Livelihoods;0.00;-1;0;0.00;0.00;0.00;0.00;0.00;0.00
290;U privatnika jedan čovjek ne radi posao za dva čovjeka.;Being employed in a private company one person does not do the work of two people.;men;life together;0;1;1;2;20.3;;;20;3;Workers protection and rights;0;0;0;Economic Activity & Livelihoods;0.00;-1;0;0.00;0.00;0.00;0.00;0.00;0.00
17;Biro za zapošljavanje ne poziva na besplatne kurseve, nego na razgovore za posao;The recruitment office does not invite people to free courses, but job interviews;youth;life together;1;0;2;3;20.2;9.3;;20;2;Hiring & Employment;9;3;Political functionality;Economic Activity & Livelihoods;Rights & Dignity;1;0;0.00;0.00;0.00;0.00;0.00;0.00
127;Mostarci dobijaju priliku da se zaposle, jer su se „došle“ vratile odakle su došli.;The locals/Mostarians get a chance at employment because the newcomers went back to their places they came from.;women;life together;0;0;1;1;20.2;6.1;;20;2;Hiring & Employment;6;10;Us V Them;Economic Activity & Livelihoods;Culture & Society;0;0;0.00;0.00;0.00;0.00;0.00;0.00
280;U Mostaru se zapošljavaju stručni, a ne podobni ljudi.;In Mostar competent people are employed, not ones who toe the political party line.;men;life together;2;3;3;8;20.2;4.2;Translation;20;2;Hiring & Employment;4;2;Corruption;Economic Activity & Livelihoods;Rights & Dignity;-1;2;0.00;0.00;0.00;0.00;0.00;0.00
185;Posao se ne dobiva preko štele;One does not get employed through nepotism;youth;life together;3;2;0;5;20.2;4.2;;20;2;Hiring & Employment;4;2;Corruption;Economic Activity & Livelihoods;Rights & Dignity;1;0;0.00;0.00;0.00;0.00;0.00;0.00
251;U javnim preduzećima na jednom radnom mjestu ne rade tri osobe.;In public companies, three people do not work one job.;men;life together;1;1;0;2;20.2;4.2;;20;2;Hiring & Employment;4;2;Corruption;Economic Activity & Livelihoods;Rights & Dignity;0;0;0.00;0.00;0.00;0.00;0.00;0.00
95;Ljudi se osjećaju fino u svom gradu zato jer imaju posao.;People feel good in their city because they have a job;women;life together;0;0;1;1;20.2;3.9;;20;2;Hiring & Employment;3;9;Public Ownership;Economic Activity & Livelihoods;Culture & Society;0;0;0.00;0.00;0.00;0.00;0.00;0.00
258;U Mostaru ljudi rade posao za koji su se školovali.;In Mostar, people work jobs for which they were educated.;women;life together;1;6;4;11;20.2;;;20;2;Hiring & Employment;0;0;0;Economic Activity & Livelihoods;0.00;-5;1;0.00;0.00;0.00;0.00;0.00;0.00
87;Ljudi na birou za zapošljavanje ne čekaju 30 godina zaposlenje;People, registered at the recruitment service, don't wait 30 years for employment;youth;life together;0;4;2;6;20.2;;;20;2;Hiring & Employment;0;0;0;Economic Activity & Livelihoods;0.00;-4;0;0.00;0.00;0.00;0.00;0.00;0.00
167;Otvaraju se fabrike u Mostaru, u kojima rade i Hrvati, i Srbi i Bošnjaci.;Factories are being opened in Mostar in which Croats, Serbs and Bosniaks work together;women;life together;1;4;0;5;20.1;1;;20;10;Inclusivity;1;0;Integration and Acceptance;Economic Activity & Livelihoods;Culture & Society;-3;0;0.00;0.00;0.00;0.00;0.00;0.00
274;U Mostaru se djeca kući odgajaju za suživot.;The children are being raised to live in coexistence in Mostar;men;life together;2;1;2;5;19.5;15.5;;19;5;Family-based education;15;5;Inclusion;Rights & Dignity;Culture & Society;1;1;0.00;0.00;0.00;0.00;0.00;0.00
41;Gimnazija Mostar i UWC nisu jedine svijetle točke, koje okupljaju djecu iz čitavog grada.;Mostar Gymnasium and UWC are not the only silver lining that gathers children from all over the town;women;life together;2;1;2;5;19.3;15.5;;19;3;School inclusiveness;15;5;Inclusion;Rights & Dignity;Culture & Society;1;1;0.00;0.00;0.00;0.00;0.00;0.00
293;U školama se djeca uče da upoznaju djecu s druge strane Mostara.;In schools, children are taught to meet children on the other side of Mostar.;women;life together;2;0;2;4;19.3;6.1;;19;3;School inclusiveness;6;10;Us V Them;Rights & Dignity;Culture & Society;;;0.00;0.00;0.00;0.00;0.00;0.00
219;Škole u Mostaru nisu jednonacionalne.;Schools in Mostar are not ethnically homogeneous;men;life together;2;3;2;7;19.3;;;19;3;School inclusiveness;0;0;0;Rights & Dignity;0.00;-1;2;0.00;0.00;0.00;0.00;0.00;0.00
294;U školama u Mostaru su isti nastavni planovi i programi.;Each school in Mostar has the same curriculum;men;life together;1;2;0;3;19.3;;;19;3;School inclusiveness;0;0;0;Rights & Dignity;0.00;;;0.00;0.00;0.00;0.00;0.00;0.00
22;Centar za tehničku kulturu, gdje ima radionica robotike i maketarstva, je jedan od pokretača suživota u Mostaru;One of the promoters of coexistence in Mostar is the technical center with their robotics and model making workshops;youth;life together;0;0;1;1;19.2;1;;19;2;Non school based education;1;0;Integration and Acceptance;Rights & Dignity;Culture & Society;0;0;0.00;0.00;0.00;0.00;0.00;0.00
292;U školama ima školski liječnik i psiholog;There is a school doctor and psychologist in schools.;youth;life together;1;3;4;8;19;10.8;;19;0;Education;10;8;Medical;Rights & Dignity;Rights & Dignity;;;0.00;0.00;0.00;0.00;0.00;0.00
288;U Podhumu se organizuju akcije da se očisti Radobolja.;In Podhum, there are organized cleaning events around Radobolja;men;life together;0;1;0;1;18.3;6.4;;18;3;Environmental Restoration;6;4;Activism;Rights & Dignity;Culture & Society;-1;0;0.00;0.00;0.00;0.00;0.00;0.00
217;S obitelji i prijateljima čistimo oko kuće uz Radobolju (plastične kese i drugi otpad);We clean the area around the house near Radobolja with our friends and family (plastic bags and waste);youth;life together;0;2;2;4;18.3;3.9;;18;3;Environmental Restoration;3;9;Public Ownership;Rights & Dignity;Culture & Society;-2;0;0.00;0.00;0.00;0.00;0.00;0.00
218;"Samo kažemo ""čistit ćemo"" i ljudi se odazovu i posvete 1 h vremena tome";We just say “we will clean” and people respond and dedicate 1 h of time to it;youth;life together;0;2;2;4;18.3;3.9;;18;3;Environmental Restoration;3;9;Public Ownership;Rights & Dignity;Culture & Society;-2;0;0.00;0.00;0.00;0.00;0.00;0.00
88;Ljudi ne bacaju smeće u rijeku.;People don't throw waste in the river.;youth;life together;2;2;4;8;18.2;3.9;;18;2;Waste prevention;3;9;Public Ownership;Rights & Dignity;Culture & Society;0;2;0.00;0.00;0.00;0.00;0.00;0.00
45;Građani ne bacaju smeće sa balkona u Franjevačkoj.;The tenants don't throw garbage from their balconies in Franjevačka street;women;life together;0;0;4;4;18.2;3.9;;18;2;Waste prevention;3;9;Public Ownership;Rights & Dignity;Culture & Society;0;0;0.00;0.00;0.00;0.00;0.00;0.00
222;Stanari ne ostave kesu smeća ispred svojih vrata ili pored lifta i čekaju da neko drugi njihovo smeće iznese u kontejner;Tenants do not leave a garbage bag in front of their door or next to the elevator and wait for someone else to take their garbage to the container;youth;life together;0;1;1;2;18.2;3.9;;18;2;Waste prevention;3;9;Public Ownership;Rights & Dignity;Culture & Society;-1;0;0.00;0.00;0.00;0.00;0.00;0.00
321;Želimo da recikliram;We want to recycle;youth;life together;0;0;2;2;18.2;3.9;;18;2;Waste prevention;3;9;Public Ownership;Rights & Dignity;Culture & Society;;;0.00;0.00;0.00;0.00;0.00;0.00
107;Ljudi u Podhumu ne bacaju smeće na vrh zgrade;In Podhum, people don't throw garbage at the top of the building;youth;life together;0;1;0;1;18.2;3.9;;18;2;Waste prevention;3;9;Public Ownership;Rights & Dignity;Culture & Society;-1;0;0.00;0.00;0.00;0.00;0.00;0.00
298;"U torbu koja se suši na balkonu ne upadne prazan tetrapak kojeg je neko bacio s drugog prozora.
";A milk carton does not end up in the bag drying on the balcony, when someone tosses it from the other window;youth;life together;0;0;1;1;18.2;3.9;;18;2;Waste prevention;3;9;Public Ownership;Rights & Dignity;Culture & Society;;;0.00;0.00;0.00;0.00;0.00;0.00
308;Veš koji sušimo na balkonu nema zaljepljen omot od čokolade koji je bačen s nekog prozora;The laundry we dry on the balcony does not have a glued chocolate wrapper thrown from a window;youth;life together;0;1;0;1;18.2;3.9;;18;2;Waste prevention;3;9;Public Ownership;Rights & Dignity;Culture & Society;;;0.00;0.00;0.00;0.00;0.00;0.00
152;Nema otpada na Rondu;There is no garbage at Rondo;youth;life together;1;1;0;2;18.2;3.1;;18;2;Waste prevention;3;10;Open spaces;Rights & Dignity;Culture & Society;0;0;0.00;0.00;0.00;0.00;0.00;0.00
38;"Drveće oko Radobolje nije ""okićeno"" plastičnim kesama";"The trees around the Radobolja [river] aren't ""decorated"" with plastic bags";youth;life together;3;4;1;8;18.2;;;18;2;Waste prevention;0;0;0;Rights & Dignity;0.00;-1;1;0.00;0.00;0.00;0.00;0.00;0.00
313;Vjetar ne raznosi smeće po gradu;The wind does not disperse junk all over the town;youth;life together;1;4;2;7;18.2;;;18;2;Waste prevention;0;0;0;Rights & Dignity;0.00;;;0.00;0.00;0.00;0.00;0.00;0.00
126;Mostar nije zatrpan smećem iako postoje 4 komunalna preduzeća.;Mostar is not drowning in garbage even though there are four waste collection companies;men;life together;2;1;3;6;18.1;10.7;;18;10;Waste management services;10;7;Animals;Rights & Dignity;Rights & Dignity;1;1;0.00;0.00;0.00;0.00;0.00;0.00
53;Imamo mjesto i sistem za recikliranje;There is a recycling place and system;youth;life together;0;2;4;6;18.1;10.6;;18;10;Waste management services;10;6;Public utilities;Rights & Dignity;Rights & Dignity;-2;0;0.00;0.00;0.00;0.00;0.00;0.00
75;Kontejneri i ulice se čiste u 5 ujutro, a ne u podne kao kod nas u Podhumu;The streets and garbage cans are cleaned at 5 AM and not at noon like it is in Podhum;youth;life together;0;2;0;2;18.1;10.6;;18;10;Waste management services;10;6;Public utilities;Rights & Dignity;Rights & Dignity;-2;0;0.00;0.00;0.00;0.00;0.00;0.00
220;Sortirani otpad ne završava na jednoj gomili u Uborku;Sorted waste does not end up on one pile at Uborak;youth;life together;1;0;1;2;18.1;10.6;;18;10;Waste management services;10;6;Public utilities;Rights & Dignity;Rights & Dignity;1;0;0.00;0.00;0.00;0.00;0.00;0.00
50;Ima postavljeni kanti za smeće po trotoaru;There are placed garbage bins on the side walk;youth;life together;0;0;1;1;18.1;10.6;;18;10;Waste management services;10;6;Public utilities;Rights & Dignity;Rights & Dignity;0;0;0.00;0.00;0.00;0.00;0.00;0.00
51;Ima više nego 3-4 mjesta postavljenih kanti za reciklažu otpada u gradu.;There are more than 3-4 places for waste recycling bins in the city.;youth;life together;0;1;0;1;18.1;10.6;;18;10;Waste management services;10;6;Public utilities;Rights & Dignity;Rights & Dignity;-1;0;0.00;0.00;0.00;0.00;0.00;0.00
156;Nisu prepunjeni kontejneri jer otpad se redovno odvozi.;Containers are not overfilled because waste is regularly removed.;youth;life together;0;0;1;1;18.1;10.6;;18;10;Waste management services;10;6;Public utilities;Rights & Dignity;Rights & Dignity;0;0;0.00;0.00;0.00;0.00;0.00;0.00
79;Ljudi bacaju otpad u kontejner, a ne pored njega;People throw garbage into the bin and not leave it next to it;youth;life together;0;0;1;1;18.1;3.9;;18;10;Waste management services;3;9;Public Ownership;Rights & Dignity;Culture & Society;0;0;0.00;0.00;0.00;0.00;0.00;0.00
40;Fasade zgrada u Podhumu su obnovljene;The building facades in Podhum are renovated;youth;life together;2;0;0;2;17.4;;;17;4;Buildings;0;0;0;Economic Activity & Livelihoods;0.00;2;0;0.00;0.00;0.00;0.00;0.00;0.00
277;U Mostaru se ne začepi kanalizacija čim padne kiša.;In Mostar the sewer does not clog as soon as it starts to rain.;men;life together;3;4;2;9;17.2;10.7;;17;2;Public Space;10;7;Animals;Economic Activity & Livelihoods;Rights & Dignity;-1;2;0.00;0.00;0.00;0.00;0.00;0.00
186;Postavljanje video-nadzora u Mostar doprinosi sigurnosti;Video surveillance placement in Mostar contributes to safety;youth;life together;3;4;0;7;17.2;2.4;;17;2;Public Space;2;4;0;Economic Activity & Livelihoods;Security;-1;0;0.00;0.00;0.00;0.00;0.00;0.00
44;Grad redovno mijenja oštećene šahtove u gradu.;The city officials regularly changes damaged manholes in Mostar;women;life together;2;0;0;2;17.1;9.3;;17;10;Roads;9;3;Political functionality;Economic Activity & Livelihoods;Rights & Dignity;2;0;0.00;0.00;0.00;0.00;0.00;0.00
213;Roditelji potiču djecu da upoznaju djecu s druge strane Grada;Parents encourage their children to meet peers from the other side of the town;women;life together;2;0;3;5;15.6;6.1;28.01.22;15;6;Parenting;6;10;Us V Them;Culture & Society;Culture & Society;2;0;0.00;0.00;0.00;0.00;0.00;0.00
121;Mlađe generacije (25 godina) nisu navikle na podjele u Mostaru.;Younger generations (25-year-olds) aren't used to divisions in Mostar;men;life together;0;1;0;1;15.5;7.6;;15;5;Inclusion;7;6;Intergroup;Culture & Society;Dealing with the Past;-1;0;0.00;0.00;0.00;0.00;0.00;0.00
15;Ako je dijete palo na igralištu, ne pitamo koje je vjere - pomažemo bez obzira na to;If a child falls on the playground, we don't ask him about him what is his religion, we help him regardless of that.;youth;life together;4;2;1;7;15.5;3.4;;15;5;Inclusion;3;4;Integration;Culture & Society;Culture & Society;2;1;0.00;0.00;0.00;0.00;0.00;0.00
122;Mladi ljudi iz Mostara nisu prisiljeni ići u inostranstvo zbog posla.;Young people in Mostar are not forced to go abroad because of employment;women;life together;1;0;1;2;15.4;20.5;;15;4;Livelihoods;20;5;Youth employment;Culture & Society;Economic Activity & Livelihoods;1;0;0.00;0.00;0.00;0.00;0.00;0.00
49;Ima besplatnih prilika za psihološko savjetovanje (Youth Power);There are opportunities for free psychological counseling (Youth Power);youth;life together;0;0;1;1;15.3;9.7;;15;3;Health;9;7;Citizens' associations;Culture & Society;Rights & Dignity;0;0;0.00;0.00;0.00;0.00;0.00;0.00
160;Omladina ne tipka na telefonu nego pričaju jedni s drugima kad izađu zajedno.;Young people do not stare at their phones when they're out, but talk to each other;men;life together;0;0;1;1;15;6.5;;15;0;Youth;6;5;Technology;Culture & Society;Culture & Society;0;0;0.00;0.00;0.00;0.00;0.00;0.00
2;Djeca se druže ispred zgrada u naseljima, a ne idu u igraonice.;Children hang out in the neighbourhood in front of the buildings and don't go to playgrounds;women;life together;0;1;0;1;15;3.1;;15;0;Youth;3;10;Open spaces;Culture & Society;Culture & Society;-1;0;0.00;0.00;0.00;0.00;0.00;0.00
124;Mladi ne napuštaju Mostar zbog sigurnosti.;Young people don't leave Mostar because of safety;men;life together;1;5;3;9;15;2;;15;0;Youth;2;0;Tranquility/Security;Culture & Society;Security;-4;1;0.00;0.00;0.00;0.00;0.00;0.00
11;Žena iz Podhuma, koja je obučena u skladu sa muslianskim običajima, pješke svaki dan prolazi pored crkve i hoda ulicama bez ikavih problema;A woman from Podhum, who is dressed in accordance with Muslim customs, walks past the church every day and walks the streets without any problems.;women;life together;0;0;1;1;14.2;22.3;;14;2;Interfaith relations;22;3;Safety and comfort;Culture & Society;Culture & Society;0;0;0.00;0.00;0.00;0.00;0.00;0.00
331;Žena, koja je obučena u skladu s muslimanskim običajima, je tokom 10 godina života u Podhumu eliminisala sve predrasude o jazu između različitih nacionalnosti.;The woman, who dresses in accordance with Muslim customs, eliminated all (her) prejudices about the gap between different nationalities during her 10 years of living in Podhum.;women;life together;0;1;1;2;14.2;6;;14;2;Interfaith relations;6;0;Social Relations;Culture & Society;Culture & Society;;;0.00;0.00;0.00;0.00;0.00;0.00
257;U Mostaru ljudi idu i na pogrebe i na dženaze.;In Mostar, people go to both Catholic and Muslim funerals.;men;life together;1;0;1;2;14.2;1.3;;14;2;Interfaith relations;1;3;Social;Culture & Society;Culture & Society;1;0;0.00;0.00;0.00;0.00;0.00;0.00
118;Mediji svojim nacionalističkim izvještavanjem* ne odvlače čovjeka od čovjeka.;The media, with its nationalist reporting *, does not distract man from man.;men;life together;1;0;0;1;13;8.1;;13;0;Media;8;10;Effect;Culture & Society;Culture & Society;1;0;0.00;0.00;0.00;0.00;0.00;0.00
30;Djeca u Mostaru se kroz bavljenje kolektivnim sportovima (rukomet, i sl.) upoznavaju djecu iz čitavog grada.;Children in Mostar meet peers from all over the city through team sports (handball, etc.);women;life together;2;0;3;5;12.4;15.5;;12;4;Inclusion;15;5;Inclusion;Culture & Society;Culture & Society;2;0;0.00;0.00;0.00;0.00;0.00;0.00
172;Plesni klub B-Dance sarađuje s plesnim klubom Mo-Stars.;"""B-Dance"" and ""Mo-Stars"" dance clubs cooperate";youth;life together;0;0;1;1;12.4;9.7;;12;4;Inclusion;9;7;Citizens' associations;Culture & Society;Rights & Dignity;0;0;0.00;0.00;0.00;0.00;0.00;0.00
173;Plivački klubovi sarađuju;Swimming clubs cooperate;youth;life together;0;0;1;1;12.4;9.7;;12;4;Inclusion;9;7;Citizens' associations;Culture & Society;Rights & Dignity;0;0;0.00;0.00;0.00;0.00;0.00;0.00
270;U Mostaru postoje višenacionalni sportski klubovi.;There are multi-national sports clubs in Mostar;men;life together;1;0;1;2;12.4;1.3;;12;4;Inclusion;1;3;Social;Culture & Society;Culture & Society;1;0;0.00;0.00;0.00;0.00;0.00;0.00
221;Sportski tereni u Mostaru su besplatni za treninge djece (Kantarevac, Gradski bazen);Sports fields are free of charge for children's practices in Mostar (SC Kantarevac, Public Swimming Pool);women;life together;3;1;3;7;12.2;15;;12;2;Public support for sports;15;0;Youth;Culture & Society;Culture & Society;2;1;0.00;0.00;0.00;0.00;0.00;0.00
71;Klizalište u Velikom parku je besplatno za svu djecu.;The ice-skating rink at Zrinjevac Park is free for all children;women;life together;0;1;1;2;12.2;15;;12;2;Public support for sports;15;0;Youth;Culture & Society;Culture & Society;-1;0;0.00;0.00;0.00;0.00;0.00;0.00
159;Odrasli ne pljuju po sportskim terenima, koje poslije koriste rukometašice ŽRK Zrinjski;Adults don't spit on sports fields used by handball team ŽRK Zrinjski;women;life together;0;1;0;1;12.1;3.8;;12;10;Access to facilities;3;8;Historic cultural monuments;Culture & Society;Culture & Society;-1;0;0.00;0.00;0.00;0.00;0.00;0.00
149;Navijači Veleža i Zrinskog sarađuju jedni s drugima;There is a cooperation between the supporters of Velež and Zrinjski;youth;life together;1;0;2;3;12;6.9;;12;0;Sport;6;9;Ethno-religious identity;Culture & Society;Culture & Society;1;0;0.00;0.00;0.00;0.00;0.00;0.00
215;Rukometni klubovi iz Mostara se dobro slažu;All handball teams in Mostar get along well;youth;life together;0;0;2;2;12;6.3;;12;0;Sport;6;3;Social Trust;Culture & Society;Culture & Society;0;0;0.00;0.00;0.00;0.00;0.00;0.00
23;Čovjeku nije sasvim dovoljno da bude sam kući i prati vijesti.;It is not enough for someone just to be at home alone and watch the news;men;life together;0;0;1;1;11.3;6;;11;3;Leisure;6;0;Social Relations;Culture & Society;Culture & Society;0;0;0.00;0.00;0.00;0.00;0.00;0.00
196;Postoji prostorija za omladinu gdje su svi dobrodošli u Podhumu;There is a space for Youth in Podhum where all are welcome;youth;life together;0;0;1;1;11.1;15.5;;11;10;Cafes and Space;15;5;Inclusion;Culture & Society;Culture & Society;0;0;0.00;0.00;0.00;0.00;0.00;0.00
291;U prostoriji za omladinu u Podhumu ima klub čitalaca gdje razmjenjuju se ideje;There is a readers' club in the youth room in Podhum where ideas are exchanged;youth;life together;0;0;1;1;11.1;11.4;;11;10;Cafes and Space;11;4;Informal;Culture & Society;Culture & Society;;;0.00;0.00;0.00;0.00;0.00;0.00
253;U kafićima parovi pričaju jedno s drugim, a ne tipkaju na telefon.;In cafes, couples talk to each other instead of typing on the phone.;men;life together;0;0;1;1;11.1;6.5;;11;10;Cafes and Space;6;5;Technology;Culture & Society;Culture & Society;0;0;0.00;0.00;0.00;0.00;0.00;0.00
200;Postoji više pozorišta i kazališta u Mostaru, u koje je svako dobrodošao.;There are more theatres in Mostar in which everyone is warmly welcome.;women;life together;0;1;1;2;11.1;6.3;;11;10;Cafes and Space;6;3;Social Trust;Culture & Society;Culture & Society;-1;0;0.00;0.00;0.00;0.00;0.00;0.00
323;Žena iz Podhuma ide i u kazalište i u pozorište.;A woman from Podhum goes to both theatres;women;life together;0;0;1;1;11.1;1;;11;10;Cafes and Space;1;0;Integration and Acceptance;Culture & Society;Culture & Society;;;0.00;0.00;0.00;0.00;0.00;0.00
171;Penzioneri mogu priuštiti odlazak u pozorište/kazalište barem jednom mjesečno, jer karta košta 5 KM.;Retired people can afford going to the theater at least once a month since the ticket costs 5 BAM.;women;life together;2;0;0;2;11;;;11;0;Socializing;0;0;0;Culture & Society;0.00;2;0;0.00;0.00;0.00;0.00;0.00;0.00
153;Nema toliko (15000) nezaposlenih.;There aren't many unemployed people (15 000);youth;life together;0;0;1;1;10.9;20.2;;10;9;Unemployment;20;2;Hiring & Employment;Rights & Dignity;Economic Activity & Livelihoods;0;0;0.00;0.00;0.00;0.00;0.00;0.00
9;Svi doktori i sestre su obilazili pacijenta Hrvata koji je bio smješten u Južnom logoru.;All doctors and nurses took care of a Croat patient while he was hospitalized in Južni logor;men;life together;1;0;2;3;10.8;6.9;;10;8;Medical;6;9;Ethno-religious identity;Rights & Dignity;Culture & Society;1;0;0.00;0.00;0.00;0.00;0.00;0.00
47;Hrvata, koji je imao bolesne bubrege, je doktor Bošnjak odmah smjestio u Južni logor na liječenje.;"A Croat with kidney failure was immediately placed in Južni logor (Cantonal Hospital ""Dr. Safet Mujić"") by a Bosniak doctor";men;life together;1;1;1;3;10.8;6.9;;10;8;Medical;6;9;Ethno-religious identity;Rights & Dignity;Culture & Society;0;1;0.00;0.00;0.00;0.00;0.00;0.00
158;Odlazak kod psihologa je besplatan;Psychological counseling is free of charge;youth;life together;0;0;1;1;10.8;;;10;8;Medical;0;0;0;Rights & Dignity;0.00;0;0;0.00;0.00;0.00;0.00;0.00;0.00
165;Osobe koje su u strankama ne ismijavaju mlade ljude s diplomama koji nemaju posao.;People who are in (political) parties do not make fun of young people with diplomas who do not have a job.;men;life together;0;3;1;4;9.9;20.5;;9;9;Political parties;20;5;Youth employment;Rights & Dignity;Economic Activity & Livelihoods;-3;0;0.00;0.00;0.00;0.00;0.00;0.00
207;Projekti NVO-a okupljaju djecu iz čitavog Mostara.;NGO projects gather children from all over Mostar.;women;life together;0;1;0;1;9.7;15.5;;9;7;Citizens' associations;15;5;Inclusion;Rights & Dignity;Culture & Society;-1;0;0.00;0.00;0.00;0.00;0.00;0.00
269;U Mostaru postoje višenacionalna udruženja.;There are multi-national associations in Mostar;men;life together;0;0;2;2;9.7;6.9;;9;7;Citizens' associations;6;9;Ethno-religious identity;Rights & Dignity;Culture & Society;0;0;0.00;0.00;0.00;0.00;0.00;0.00
203;Povjerenik MZ u Podhumu zove komunalno preduzeće kad padne grana tokom bure.;The commissioner of Podhum's MZ calls the public utility company when branches fall during a storm.;men;life together;2;1;3;6;9.6;10.7;;9;6;Mjesna zajednica;10;7;Animals;Rights & Dignity;Rights & Dignity;1;1;0.00;0.00;0.00;0.00;0.00;0.00
202;Povjerenik MZ Podhum traži od Gradske uprave Mostar da se komunalni problemi otklone.;The commissioner of MZ Podhum asks the city authorities to solve their local problems;men;life together;2;2;0;4;9.6;9.4;;9;6;Mjesna zajednica;9;4;Accessibility;Rights & Dignity;Rights & Dignity;0;0;0.00;0.00;0.00;0.00;0.00;0.00
201;Povjerenik MZ Podhum prijavljuje komunalne probleme Gradskoj upravi Mostar.;The commissioner of MZ Podhum reports the local problems to Mostar's city government;men;life together;0;1;1;2;9.6;9.4;;9;6;Mjesna zajednica;9;4;Accessibility;Rights & Dignity;Rights & Dignity;-1;0;0.00;0.00;0.00;0.00;0.00;0.00
138;MZ Podhum dostavlja Gradskom vijeću probleme, koje su iznijeli građani.;MZ Podhum submits problems raised by citizens to the City Council.;men;life together;1;0;0;1;9.6;9.3;;9;6;Mjesna zajednica;9;3;Political functionality;Rights & Dignity;Rights & Dignity;1;0;0.00;0.00;0.00;0.00;0.00;0.00
114;Ljudi u Podhumu znaju ko im je povjerenik MZ.;People in Podhum know who their MZ commissioner is.;men;life together;1;2;3;6;9.6;;;9;6;Mjesna zajednica;0;0;0;Rights & Dignity;0.00;-1;1;0.00;0.00;0.00;0.00;0.00;0.00
227;Stanovnici u Mostaru su zadovoljni s radom svojih MZ.;People in Mostar are satisfied with the work of their MZ.;women;life together;0;2;1;3;9.6;;;9;6;Mjesna zajednica;0;0;0;Rights & Dignity;0.00;-2;0;0.00;0.00;0.00;0.00;0.00;0.00
183;Političko vodstvo ublažavanjem retorike potiče zajednički život u Mostaru , a ne podjele.;By softening the rhetoric, the political leadership encourages living together in Mostar, not divisions.;women;life together;1;0;0;1;9.2;8.4;;9;2;Political accountability;8;4;Politics;Rights & Dignity;Culture & Society;1;0;0.00;0.00;0.00;0.00;0.00;0.00
239;Svaki predsjednik radi za dobrobit svih naroda BiH;Each president works for the common good of all people in Bosnia and Herzegovina;youth;life together;0;1;0;1;9.2;;;9;2;Political accountability;0;0;0;Rights & Dignity;0.00;-1;0;0.00;0.00;0.00;0.00;0.00;0.00
240;Svi koji rade u Gradskoj upravi u Mostaru se slažu jedni s drugima.;Everyone who works in the Mostar City Administration gets along well with each other.;men;life together;0;0;1;1;9.1;6;;9;10;City politics;6;0;Social Relations;Rights & Dignity;Culture & Society;0;0;0.00;0.00;0.00;0.00;0.00;0.00
326;Žena rođena u miješanom braku i kojoj su otac i brat ubijeni u ratu, može da živi sa svim ljudima u Mostaru, bez obzira na njihovu nacionalnost.;A woman born in a mixed marriage and whose father and brother were killed in the war can live with all people in Mostar, regardless of their nationality.;women;life together;0;1;1;2;7.1;6.9;;7;10;Memorialization;6;9;Ethno-religious identity;Dealing with the Past;Culture & Society;;;0.00;0.00;0.00;0.00;0.00;0.00
302;Ulice u Mostaru se ne zovu po ratnim zločincima.;There are no streets in Mostar named after the war criminals;men;life together;0;1;2;3;7.1;;;7;10;Memorialization;0;0;0;Dealing with the Past;0.00;;;0.00;0.00;0.00;0.00;0.00;0.00
265;U Mostaru nema murala sa slikama ratnih zločinaca.;There aren't any murals of war criminals in Mostar;men;life together;1;0;1;2;7.1;;;7;10;Memorialization;0;0;0;Dealing with the Past;0.00;1;0;0.00;0.00;0.00;0.00;0.00;0.00
42;Grad Mostar nije podijeljen na lijevu i zapadnu stranu.;The city of Mostar is not divided on east (left) and west (right) side;women;life together;0;1;0;1;7;3.4;;7;0;Legacies of War;3;4;Integration;Dealing with the Past;Culture & Society;-1;0;0.00;0.00;0.00;0.00;0.00;0.00
140;Na području Mostara su otvorene tvornice u kojima zajedno rade ljudi svih nacija.;The factories are being opened in Mostar where people of all nationalities can work together;women;life together;1;2;0;3;6.9;20.2;;6;9;Ethno-religious identity;20;2;Hiring & Employment;Culture & Society;Economic Activity & Livelihoods;-1;0;0.00;0.00;0.00;0.00;0.00;0.00
166;Otvaraju se fabrike u Mostaru, u kojima rade i Hrvati, i Srbi i Bošnjaci.;Factories where Croats, Serbs and Bosniaks work together are being opened in Mostar;women;life together;1;0;0;1;6.9;20.1;;6;9;Ethno-religious identity;20;10;Inclusivity;Culture & Society;Economic Activity & Livelihoods;1;0;0.00;0.00;0.00;0.00;0.00;0.00
131;Mržnja se iskorijenjuje u Mostaru, jer roditelji uče mlađe naraštaje da ne mrze ljude druge vjere.;Hatred is being eradicated in Mostar, because parents teach younger generations not to hate people of other faiths.;women;life together;2;4;3;9;6.9;19.5;;6;9;Ethno-religious identity;19;5;Family-based education;Culture & Society;Rights & Dignity;-2;2;0.00;0.00;0.00;0.00;0.00;0.00
137;Muslimansko dijete se igra s Antom bez ikakvih problema.;Salahudin (a Muslim child) plays with Ante (a Christian child) with no problems at all;men;life together;1;0;1;2;6.9;15.5;;6;9;Ethno-religious identity;15;5;Inclusion;Culture & Society;Culture & Society;1;0;0.00;0.00;0.00;0.00;0.00;0.00
26;Djeca Bošnjaci, Srbi i Hrvati imaju interakciju kroz zajedničke aktivnosti u Mostaru.;Bosniak, Serb and Croat children interact through joint activities in Mostar;men;life together;0;0;1;1;6.9;15.5;;6;9;Ethno-religious identity;15;5;Inclusion;Culture & Society;Culture & Society;0;0;0.00;0.00;0.00;0.00;0.00;0.00
5;I Srbi, i Bošnjaci i Hrvati su davali donaciju za obnovu pravoslavne crkve nakon rušenja.;Serbs, Bosniaks and Croats have all given donations for the rebuilding of the Orthodox church;men;life together;1;1;0;2;6.9;14.4;;6;9;Ethno-religious identity;14;4;Religious buildings;Culture & Society;Culture & Society;0;0;0.00;0.00;0.00;0.00;0.00;0.00
98;Ljudi svih vjera, koji zajedno rade u fabrikamau Mostaru, se druže na pauzama.;People of all faiths, who work together in factories in Mostar, hang out during breaks.;women;life together;0;0;2;2;6.9;11;;6;9;Ethno-religious identity;11;0;Socializing;Culture & Society;Culture & Society;0;0;0.00;0.00;0.00;0.00;0.00;0.00
330;Žena zdravstvena radnica uživa da pomaže ljudima, bez obzira na njihovu vjeru.;A female medical worker enjoys helping people regardless of their religion;women;life together;1;1;0;2;6.9;10.8;;6;9;Ethno-religious identity;10;8;Medical;Culture & Society;Rights & Dignity;;;0.00;0.00;0.00;0.00;0.00;0.00
235;Sva tri naroda treba da skinu 3 pokvarene glave koje ih vode.;All three nationalities have to take off their three broken/otten heads that are leading them.;women;life together;1;0;1;2;6.9;4.2;;6;9;Ethno-religious identity;4;2;Corruption;Culture & Society;Rights & Dignity;1;0;0.00;0.00;0.00;0.00;0.00;0.00
197;Postoji velik broj miješanih brakova;There is a large number of mixed marriages;youth;life together;1;1;0;2;6.9;;;6;9;Ethno-religious identity;0;0;0;Culture & Society;0.00;0;0;0.00;0.00;0.00;0.00;0.00;0.00
39;Etnički raznolike zajednice/gradovi* imaju više naučnika i umjetnika;Ethnically diverse communities/cities have more scientists and artists;youth;life together;0;0;1;1;6.9;;"Ask Julianne; this is about occupation to me more than education. But I wonder if this is about brain drain or what (the cause) - let's ask the facilitators who were there.";6;9;Ethno-religious identity;0;0;0;Culture & Society;0.00;0;0;0.00;0.00;0.00;0.00;0.00;0.00
243;Teta (Nada) s prozora polijeva vodom djecu, bez obzira ko su;Miss (Nada) pours water on the children from her window regardless of who they are.;youth;life together;0;0;3;3;6.6;6.9;;6;6;Inter-generational Relations;6;9;Ethno-religious identity;Culture & Society;Culture & Society;0;0;0.00;0.00;0.00;0.00;0.00;0.00
161;Organiziraju se zajedničke akcije čišćenja u Mostaru (čišćenje Trimuše, naselja, itd.);Joint cleaning actions are organized in Mostar (cleaning of Trimuša, settlements, etc.);women;life together;1;0;3;4;6.4;18.3;;6;4;Activism;18;3;Environmental Restoration;Culture & Society;Rights & Dignity;1;0;0.00;0.00;0.00;0.00;0.00;0.00
256;U Mostaru ima volontera (briga za napuštene životinje, obroci za stare osobe, čišćenje);There are many volunteers in Mostar (caring for abandoned animals, meals for the elderly, cleaning);men;life together;1;2;5;8;6.4;3.9;;6;4;Activism;3;9;Public Ownership;Culture & Society;Culture & Society;-1;1;0.00;0.00;0.00;0.00;0.00;0.00
103;Ljudi u Mostaru se aktivnije uključuju u razne korisne projekte u zajednici.;People in Mostar are more actively involved in various useful projects in the community.;women;life together;2;2;0;4;6.4;3.9;;6;4;Activism;3;9;Public Ownership;Culture & Society;Culture & Society;0;0;0.00;0.00;0.00;0.00;0.00;0.00
91;Ljudi sa strane (Široki, Podveležje, itd.) koji žive u Mostaru se ponačaju kao i starosjedioci.;Newcomers from Široki Brijeg, Podveležje, etc. behave as the native ones;women;life together;0;1;0;1;6.3;6;;6;3;Social Trust;6;0;Social Relations;Culture & Society;Culture & Society;-1;0;0.00;0.00;0.00;0.00;0.00;0.00
259;U Mostaru ljudi suosjećaju jedni s drugima.;In Mostar, people sympathize with each other.;men;life together;0;1;0;1;6.3;1.3;;6;3;Social Trust;1;3;Social;Culture & Society;Culture & Society;-1;0;0.00;0.00;0.00;0.00;0.00;0.00
109;Ljudi u Podhumu nisu razjedinjeni.;People in Podhum are not divided;men;life together;0;0;1;1;6.3;;;6;3;Social Trust;0;0;0;Culture & Society;0.00;0;0;0.00;0.00;0.00;0.00;0.00;0.00
111;Ljudi u Podhumu se posjećuju međusobno;People in Podhum visit each other;women;life together;1;1;0;2;6.2;6.12;;6;2;Personal Relationships;6;12;Neighbor Relations;Culture & Society;Culture & Society;0;0;0.00;0.00;0.00;0.00;0.00;0.00
112;Ljudi u Podhumu upoznaju jedni druge i tako im se širi komšiluk;People in Podhum are widening their neighborhood by getting to know each other;women;life together;0;0;2;2;6.2;6.12;;6;2;Personal Relationships;6;12;Neighbor Relations;Culture & Society;Culture & Society;0;0;0.00;0.00;0.00;0.00;0.00;0.00
106;Ljudi u Mostaru žive sretno u miješanim brakovima.;People in Mostar live happily in mixed marriages.;women;life together;3;1;4;8;6.2;;;6;2;Personal Relationships;0;0;0;Culture & Society;0.00;2;1;0.00;0.00;0.00;0.00;0.00;0.00
157;Nove i stare komšije se upoznaju.;New and old neighbours get to know each other;men;life together;1;1;1;3;6.12;;;6;12;Neighbor Relations;0;0;0;Culture & Society;0.00;0;1;0.00;0.00;0.00;0.00;0.00;0.00
234;Suživot je dio mentaliteta u Mostaru.;Coexistence is a part of Mostar mentality;men;life together;2;0;1;3;6.11;1.3;;6;11;Cooperation & Coexistence;1;3;Social;Culture & Society;Culture & Society;2;0;0.00;0.00;0.00;0.00;0.00;0.00
211;Roditelji djece, koja treniraju u ŽRK Zrinjski, se ne protive kad ih trenerica vodi na trening u Zalik.;Parents of the children of ŽRK Zrinjski have nothing against their children's trainer taking them for training in Zalik;women;life together;0;0;1;1;6.1;15.5;;6;10;Us V Them;15;5;Inclusion;Culture & Society;Culture & Society;0;0;0.00;0.00;0.00;0.00;0.00;0.00
267;U Mostaru niko ne osuđuje pojedince koji su u ratu izgubili nekoga bliskog, ako se distancira od ljudi, koji imaju istu nacionalnosti kao i osobe koje su mu/joj ubili blisku osobu.;In Mostar, no one condemns individuals who lost someone close to them in the war if they distance themselves from people of the same nationality as those who killed a person close to them.;women;life together;0;1;1;2;6.1;7.1;;6;10;Us V Them;7;10;Memorialization;Culture & Society;Dealing with the Past;-1;0;0.00;0.00;0.00;0.00;0.00;0.00
93;Ljudi se međusobno pomažu bez obzira na vjeru i naciju;People help each other regardless of their religion or nationality;women;life together;1;2;1;4;6.1;6.9;;6;10;Us V Them;6;9;Ethno-religious identity;Culture & Society;Culture & Society;-1;1;0.00;0.00;0.00;0.00;0.00;0.00
92;Ljudi sa strane (Široki, Podveležje, itd.) ne nameću građanima Mostara svoj način života;People from outside of Mostar (Široki Brijeg, Podveležje, etc.) don't impose their way of life to the city folk of Mostar.;women;life together;1;3;1;5;6.1;;;6;10;Us V Them;0;0;0;Culture & Society;0.00;-2;1;0.00;0.00;0.00;0.00;0.00;0.00
89;Ljudi nisu ljubomorni ako neko u gradu ima dobro auto.;People aren't jealous when someone has a good car in the city;men;life together;1;0;0;1;6;21;;6;0;Social Relations;21;0;Motor Vehicles;Culture & Society;Culture & Society;1;0;0.00;0.00;0.00;0.00;0.00;0.00
46;Gradsko javno zemljište ne uzurpiraju pojednici s političkim vezama, nego se ono pretvara u park.;City, public land is not usurped by corrupted individuals, but is rather turned into a park;men;life together;1;2;1;4;4.3;3.1;;4;3;Non-violent Crime;3;10;Open spaces;Rights & Dignity;Culture & Society;-1;1;0.00;0.00;0.00;0.00;0.00;0.00
34;Djevojka ne mora dati novac nekome kako bi dobila posao u Mostaru.;A girl doesn't have to give money to someone to get a job in Mostar;women;life together;0;5;0;5;4.2;20.2;;4;2;Corruption;20;2;Hiring & Employment;Rights & Dignity;Economic Activity & Livelihoods;-5;0;0.00;0.00;0.00;0.00;0.00;0.00
37;Došle nemaju prednost pri zapošljavanju u odnosu na Mostarce.;The newcomers do not have an advantage in employment compared to the people of Mostar.;women;life together;0;2;2;4;4.2;20.2;;4;2;Corruption;20;2;Hiring & Employment;Rights & Dignity;Economic Activity & Livelihoods;-2;0;0.00;0.00;0.00;0.00;0.00;0.00
155;Neškolovane došle ne dobijaju poslove za koje nisu kvalifikovani.;Uneducated newcomers do not get jobs for which they are not qualified.;women;life together;0;0;2;2;4.2;20.2;;4;2;Corruption;20;2;Hiring & Employment;Rights & Dignity;Economic Activity & Livelihoods;0;0;0.00;0.00;0.00;0.00;0.00;0.00
236;Svaka osoba dobiva uslugu u Domu Zdravlja a da ne mora nikoga poznavati;Every person can get service at the Community healthcare center without having to know someone;women;life together;0;1;1;2;4.2;10.8;;4;2;Corruption;10;8;Medical;Rights & Dignity;Rights & Dignity;-1;0;0.00;0.00;0.00;0.00;0.00;0.00
252;U javnim preduzećima ne vlada nepotizam.;Nepotism does not rule in public utility companies.;men;life together;0;2;0;2;4.2;10.6;;4;2;Corruption;10;6;Public utilities;Rights & Dignity;Rights & Dignity;-2;0;0.00;0.00;0.00;0.00;0.00;0.00
237;Svaka osoba dobiva uslugu u Gradskoj upravi a da ne mora nikoga poznavati;Everyone can get service in the city government without having to know someone there;women;life together;2;1;0;3;4.2;9.4;;4;2;Corruption;9;4;Accessibility;Rights & Dignity;Rights & Dignity;1;0;0.00;0.00;0.00;0.00;0.00;0.00
4;Gradsko zemljište koriste građani, a ne samo pojedinci.;Public land is used by every citizen and not just the individuals;men;life together;0;1;0;1;4.2;3.1;;4;2;Corruption;3;10;Open spaces;Rights & Dignity;Culture & Society;-1;0;0.00;0.00;0.00;0.00;0.00;0.00
305;Ultrasi se više međusobno ne tuku;Ultras (Zrinjski fan club) do not fight among each other anymore.;youth;life together;1;0;1;2;4.1;;;4;10;Sport & Hooliganism;0;0;0;Rights & Dignity;0.00;;;0.00;0.00;0.00;0.00;0.00;0.00
115;Ljudi zajedno čiste okoliš oko svojih zgrada u Mostaru.;People clean together around their buildings in Mostar;women;life together;0;1;0;1;3.9;18.3;;3;9;Public Ownership;18;3;Environmental Restoration;Culture & Society;Rights & Dignity;-1;0;0.00;0.00;0.00;0.00;0.00;0.00
59;Kada je požar na Humu, svi iz Podhuma izađu na ulice spremni da gase;When a fire catches on Hum, all people from Podhum go out onto the street, ready to put it out;youth;life together;0;1;2;3;3.9;6.3;;3;9;Public Ownership;6;3;Social Trust;Culture & Society;Culture & Society;-1;0;0.00;0.00;0.00;0.00;0.00;0.00
192;Postoji kućni red u naselju.;There is a code of conduct in the neighborhood.;women;life together;3;3;0;6;3.9;6.12;;3;9;Public Ownership;6;12;Neighbor Relations;Culture & Society;Culture & Society;0;0;0.00;0.00;0.00;0.00;0.00;0.00
205;Pravilnik o kućnom redu poštuju svi stanari.;The code of conduct is respected by all tenants;women;life together;2;2;0;4;3.9;6.12;;3;9;Public Ownership;6;12;Neighbor Relations;Culture & Society;Culture & Society;0;0;0.00;0.00;0.00;0.00;0.00;0.00
233;Susjedi pokreću mikroinicijative u svojim naseljima (da se riješi problem nogostupa u Franjevačkoj ulici, da se očisti naselje);"The neighbors initiate small projects within their neigborhoods (to solve the sidewalk issue in Franjevačka street; to clean the neighbourhood)";women;life together;1;2;0;3;3.9;6.12;;3;9;Public Ownership;6;12;Neighbor Relations;Culture & Society;Culture & Society;-1;0;0.00;0.00;0.00;0.00;0.00;0.00
83;Ljudi koji iznajmljuju stanove u soliterima učestvuju u zajedničkim troškovima;People renting their flats in the apartment buildings participate in common expenses;women;life together;0;1;0;1;3.9;6.12;;3;9;Public Ownership;6;12;Neighbor Relations;Culture & Society;Culture & Society;-1;0;0.00;0.00;0.00;0.00;0.00;0.00
226;Stanovnici Podhuma sudjeluju u diskusijama o problemima u zajednici.;Residents of Podhum participate in discussions about local issues;women;life together;0;1;0;1;3.9;6;;3;9;Public Ownership;6;0;Social Relations;Culture & Society;Culture & Society;-1;0;0.00;0.00;0.00;0.00;0.00;0.00
116;Ljudi, porijeklom iz drugih gradova, koji sad žive u Mostaru osjećaju čitav Mostar kao svoj grad.;People, originally from other cities, who now live in Mostar, feel the whole of Mostar as their own city.;women;life together;1;2;1;4;3.9;1.3;;3;9;Public Ownership;1;3;Social;Culture & Society;Culture & Society;-1;1;0.00;0.00;0.00;0.00;0.00;0.00
82;Ljudi izlaze iz kuće, jer u Podhumu ima sadržaja.;People go out of their homes because there are a lot of activities in Podhum;men;life together;0;2;1;3;3.7;11.4;;3;7;Activities;11;4;Informal;Culture & Society;Culture & Society;-2;0;0.00;0.00;0.00;0.00;0.00;0.00
77;Kulturne institucije u Mostaru nisu podijeljene na nacionalnoj osnovi.;Cultural institutions in Mostar are not divided based on nationality;women;life together;0;3;1;4;3.4;9.1;;3;4;Integration;9;10;City politics;Culture & Society;Rights & Dignity;-3;0;0.00;0.00;0.00;0.00;0.00;0.00
271;U Mostaru postoji igrališta gdje se djeca mogu upoznavati kroz igru.;There are playgrounds in Mostar where children can get to know each other through games;women;life together;0;0;2;2;3.1;15.5;;3;10;Open spaces;15;5;Inclusion;Culture & Society;Culture & Society;0;0;0.00;0.00;0.00;0.00;0.00;0.00
29;Djeca se zajedno igraju žmurke u dvorištu u MZ Podhum;Children play hide and seek in front of the MZ Podhum.;youth;life together;0;1;5;6;3.1;15;;3;10;Open spaces;15;0;Youth;Culture & Society;Culture & Society;-1;0;0.00;0.00;0.00;0.00;0.00;0.00
276;U Mostaru se ljudi druže u parku.;In Mostar, people spend time together in parks;men;life together;2;0;0;2;3.1;11;;3;10;Open spaces;11;0;Socializing;Culture & Society;Culture & Society;2;0;0.00;0.00;0.00;0.00;0.00;0.00
48;Igrališta za djecu povezuju i roditelje, jer i oni tu dolaze i pričaju s drugim roditeljima.;Playgrounds connect the parents as well, because they go there and talk to each other;men;life together;0;1;0;1;3.1;11;;3;10;Open spaces;11;0;Socializing;Culture & Society;Culture & Society;-1;0;0.00;0.00;0.00;0.00;0.00;0.00
266;U Mostaru nema preglasne muzike iz ljetnih bašta kafića.;There is no loud music from summer cafe gardens;women;life together;2;2;2;6;3;;;3;0;Public space;0;0;0;Culture & Society;0.00;0;2;0.00;0.00;0.00;0.00;0.00;0.00
332;Žene iz Gruda, Širokog Brijega, koje rade u Mostaru, žele da pređu na lijevu stranu.;Women from Grude and Široki Brijeg, working in Mostar want to cross to the left side of the city.;women;life together;0;2;0;2;2.3;3.9;;2;3;Movement;3;9;Public Ownership;Security;Culture & Society;;;0.00;0.00;0.00;0.00;0.00;0.00
154;Neretva ne dijeli grad*;The Neretva does not divide the city;women;life together;0;1;2;3;2.3;3.4;;2;3;Movement;3;4;Integration;Security;Culture & Society;-1;0;0.00;0.00;0.00;0.00;0.00;0.00
14;90% ljudi u Mostaru nisu pesimisti po pitanju političke situacije.;90% of people in Mostar are not pessimists when it comes to current political situation;men;life together;1;1;0;2;2.2;9.3;;2;2;Confidence;9;3;Political functionality;Security;Rights & Dignity;0;0;0.00;0.00;0.00;0.00;0.00;0.00
108;Ljudi u Podhumu nemaju nikakvih sukoba.;People in Podhum don't have any conflicts;men;life together;0;0;1;1;2;6.3;;2;0;Tranquility/Security;6;3;Social Trust;Security;Culture & Society;0;0;0.00;0.00;0.00;0.00;0.00;0.00
204;Pozdravljamo jedni druge kad se sretnemo na ulici;We greet each other when we meet on the street;youth;life together;0;1;0;1;1.3;6.3;;1;3;Social;6;3;Social Trust;Culture & Society;Culture & Society;-1;0;0.00;0.00;0.00;0.00;0.00;0.00
99;Ljudi u Mostaru, iako ne mogu birati susjede, grade dobre odnose s njima.;People in Mostar, although they cannot choose their neighbors, are building good relations with them.;women;life together;2;1;1;4;1.3;6.12;;1;3;Social;6;12;Neighbor Relations;Culture & Society;Culture & Society;1;1;0.00;0.00;0.00;0.00;0.00;0.00
6;Ljudi, koji su došli s drugim običajima u Mostar, se približavaju kulturi koja vlada u Mostaru.;People who came to Mostar with other customs are getting closer to the culture that prevails in Mostar.;men;life together;0;0;1;1;1.3;6;;1;3;Social;6;0;Social Relations;Culture & Society;Culture & Society;0;0;0.00;0.00;0.00;0.00;0.00;0.00
164;Osoba koja radi u Elektroprivredi ne gleda ostale ljude s visine.;A person working at the Electric company does not look down on others;men;life together;0;1;0;1;1.1;20.8;;1;10;Personal value;20;8;Livelihoods;Culture & Society;Economic Activity & Livelihoods;-1;0;0.00;0.00;0.00;0.00;0.00;0.00
;;;;;;;;;;;;0;0;0;0;0;0;0.00;0.00;;;0.00;0.00;0.00;0.00;0.00;0.00
;;;;;;;;;;;;0;0;0;0;0;0;0.00;0.00;;;0.00;0.00;0.00;0.00;0.00;0.00
;;;;;;;;;;;;0;0;0;0;0;0;0.00;0.00;;;0.00;0.00;0.00;0.00;0.00;0.00
;;;;;;;;;;;;0;0;0;0;0;0;0.00;0.00;;;0.00;0.00;0.00;0.00;0.00;0.00
;;;;;;;;;;;;0;0;0;0;0;0;0.00;0.00;;;0.00;0.00;0.00;0.00;0.00;0.00
;;;;;;;;;;;;0;0;0;0;0;0;0.00;0.00;;;0.00;0.00;0.00;0.00;0.00;0.00
;;;;;;;;;;;;0;0;0;0;0;0;0.00;0.00;;;0.00;0.00;0.00;0.00;0.00;0.00
;;;;;;;;;;;;0;0;0;0;0;0;0.00;0.00;;;0.00;0.00;0.00;0.00;0.00;0.00
;;;;;;;;;;;;0;0;0;0;0;0;0.00;0.00;;;0.00;0.00;0.00;0.00;0.00;0.00
;;;;;;;;;;;;0;0;0;0;0;0;0.00;0.00;;;0.00;0.00;0.00;0.00;0.00;0.00
;;;;;;;;;;;;0;0;0;0;0;0;0.00;0.00;;;0.00;0.00;0.00;0.00;0.00;0.00
;;;;;;;;;;;;0;0;0;0;0;0;0.00;0.00;;;0.00;0.00;0.00;0.00;0.00;0.00
;;;;;;;;;;;;0;0;0;0;0;0;0.00;0.00;;;0.00;0.00;0.00;0.00;0.00;0.00
;;;;;;;;;;;;0;0;0;0;0;0;0.00;0.00;;;0.00;0.00;0.00;0.00;0.00;0.00
;;;;;;;;;;;;0;0;0;0;0;0;0.00;0.00;;;0.00;0.00;0.00;0.00;0.00;0.00
;;;;;;;;;;;;0;0;0;0;0;0;0.00;0.00;;;0.00;0.00;0.00;0.00;0.00;0.00
;;;;;;;;;;;;0;0;0;0;0;0;0.00;0.00;;;0.00;0.00;0.00;0.00;0.00;0.00
;;;;;;;;;;;;0;0;0;0;0;0;0.00;0.00;;;0.00;0.00;0.00;0.00;0.00;0.00
;;;;;;;;;;;;0;0;0;0;0;0;0.00;0.00;;;0.00;0.00;0.00;0.00;0.00;0.00
;;;;;;;;;;;;0;0;0;0;0;0;0.00;0.00;;;0.00;0.00;0.00;0.00;0.00;0.00
;;;;;;;;;;;;0;0;0;0;0;0;0.00;0.00;;;0.00;0.00;0.00;0.00;0.00;0.00
;;;;;;;;;;;;0;0;0;0;0;0;0.00;0.00;;;0.00;0.00;0.00;0.00;0.00;0.00
;;;;;;;;;;;;0;0;0;0;0;0;0.00;0.00;;;0.00;0.00;0.00;0.00;0.00;0.00
;;;;;;;;;;;;0;0;0;0;0;0;0.00;0.00;;;0.00;0.00;0.00;0.00;0.00;0.00
;;;;;;;;;;;;0;0;0;0;0;0;0.00;0.00;;;0.00;0.00;0.00;0.00;0.00;0.00
;;;;;;;;;;;;0;0;0;0;0;0;0.00;0.00;;;0.00;0.00;0.00;0.00;0.00;0.00
;;;;;;;;;;;;0;0;0;0;0;0;0.00;0.00;;;0.00;0.00;0.00;0.00;0.00;0.00
;;;;;;;;;;;;0;0;0;0;0;0;0.00;0.00;;;0.00;0.00;0.00;0.00;0.00;0.00
;;;;;;;;;;;;0;0;0;0;0;0;0.00;0.00;;;0.00;0.00;0.00;0.00;0.00;0.00
;;;;;;;;;;;;0;0;0;0;0;0;0.00;0.00;;;0.00;0.00;0.00;0.00;0.00;0.00
;;;;;;;;;;;;0;0;0;0;0;0;0.00;0.00;;;0.00;0.00;0.00;0.00;0.00;0.00
;;;;;;;;;;;;0;0;0;0;0;0;0.00;0.00;;;0.00;0.00;0.00;0.00;0.00;0.00
;;;;;;;;;;;;0;0;0;0;0;0;0.00;0.00;;;0.00;0.00;0.00;0.00;0.00;0.00
;;;;;;;;;;;;0;0;0;0;0;0;0.00;0.00;;;0.00;0.00;0.00;0.00;0.00;0.00
;;;;;;;;;;;;0;0;0;0;0;0;0.00;0.00;;;0.00;0.00;0.00;0.00;0.00;0.00
;;;;;;;;;;;;0;0;0;0;0;0;0.00;0.00;;;0.00;0.00;0.00;0.00;0.00;0.00
;;;;;;;;;;;;0;0;0;0;0;0;0.00;0.00;;;0.00;0.00;0.00;0.00;0.00;0.00
;;;;;;;;;;;;0;0;0;0;0;0;0.00;0.00;;;0.00;0.00;0.00;0.00;0.00;0.00
;;;;;;;;;;;;0;0;0;0;0;0;0.00;0.00;;;0.00;0.00;0.00;0.00;0.00;0.00
;;;;;;;;;;;;0;0;0;0;0;0;0.00;0.00;;;0.00;0.00;0.00;0.00;0.00;0.00
;;;;;;;;;;;;0;0;0;0;0;0;0.00;0.00;;;0.00;0.00;0.00;0.00;0.00;0.00
;;;;;;;;;;;;0;0;0;0;0;0;0.00;0.00;;;0.00;0.00;0.00;0.00;0.00;0.00
;;;;;;;;;;;;0;0;0;0;0;0;0.00;0.00;;;0.00;0.00;0.00;0.00;0.00;0.00
;;;;;;;;;;;;0;0;0;0;0;0;0.00;0.00;;;0.00;0.00;0.00;0.00;0.00;0.00
;;;;;;;;;;;;0;0;0;0;0;0;0.00;0.00;;;0.00;0.00;0.00;0.00;0.00;0.00
;;;;;;;;;;;;0;0;0;0;0;0;0.00;0.00;;;0.00;0.00;0.00;0.00;0.00;0.00
;;;;;;;;;;;;0;0;0;0;0;0;0.00;0.00;;;0.00;0.00;0.00;0.00;0.00;0.00
;;;;;;;;;;;;0;0;0;0;0;0;0.00;0.00;;;0.00;0.00;0.00;0.00;0.00;0.00
;;;;;;;;;;;;0;0;0;0;0;0;0.00;0.00;;;0.00;0.00;0.00;0.00;0.00;0.00
;;;;;;;;;;;;0;0;0;0;0;0;0.00;0.00;;;0.00;0.00;0.00;0.00;0.00;0.00
;;;;;;;;;;;;0;0;0;0;0;0;0.00;0.00;;;0.00;0.00;0.00;0.00;0.00;0.00
;;;;;;;;;;;;0;0;0;0;0;0;0.00;0.00;;;0.00;0.00;0.00;0.00;0.00;0.00
;;;;;;;;;;;;0;0;0;0;0;0;0.00;0.00;;;0.00;0.00;0.00;0.00;0.00;0.00
;;;;;;;;;;;;0;0;0;0;0;0;0.00;0.00;;;0.00;0.00;0.00;0.00;0.00;0.00
;;;;;;;;;;;;0;0;0;0;0;0;0.00;0.00;;;0.00;0.00;0.00;0.00;0.00;0.00
;;;;;;;;;;;;0;0;0;0;0;0;0.00;0.00;;;0.00;0.00;0.00;0.00;0.00;0.00
;;;;;;;;;;;;0;0;0;0;0;0;0.00;0.00;;;0.00;0.00;0.00;0.00;0.00;0.00
;;;;;;;;;;;;0;0;0;0;0;0;0.00;0.00;;;0.00;0.00;0.00;0.00;0.00;0.00
;;;;;;;;;;;;0;0;0;0;0;0;0.00;0.00;;;0.00;0.00;0.00;0.00;0.00;0.00
;;;;;;;;;;;;0;0;0;0;0;0;0.00;0.00;;;0.00;0.00;0.00;0.00;0.00;0.00
;;;;;;;;;;;;0;0;0;0;0;0;0.00;0.00;;;0.00;0.00;0.00;0.00;0.00;0.00
;;;;;;;;;;;;0;0;0;0;0;0;0.00;0.00;;;0.00;0.00;0.00;0.00;0.00;0.00
;;;;;;;;;;;;0;0;0;0;0;0;0.00;0.00;;;0.00;0.00;0.00;0.00;0.00;0.00
;;;;;;;;;;;;0;0;0;0;0;0;0.00;0.00;;;0.00;0.00;0.00;0.00;0.00;0.00
;;;;;;;;;;;;0;0;0;0;0;0;0.00;0.00;;;0.00;0.00;0.00;0.00;0.00;0.00
;;;;;;;;;;;;0;0;0;0;0;0;0.00;0.00;;;0.00;0.00;0.00;0.00;0.00;0.00
;;;;;;;;;;;;0;0;0;0;0;0;0.00;0.00;;;0.00;0.00;0.00;0.00;0.00;0.00
;;;;;;;;;;;;0;0;0;0;0;0;0.00;0.00;;;0.00;0.00;0.00;0.00;0.00;0.00
;;;;;;;;;;;;0;0;0;0;0;0;0.00;0.00;;;0.00;0.00;0.00;0.00;0.00;0.00
;;;;;;;;;;;;0;0;0;0;0;0;0.00;0.00;;;0.00;0.00;0.00;0.00;0.00;0.00
;;;;;;;;;;;;0;0;0;0;0;0;0.00;0.00;;;0.00;0.00;0.00;0.00;0.00;0.00
;;;;;;;;;;;;0;0;0;0;0;0;0.00;0.00;;;0.00;0.00;0.00;0.00;0.00;0.00
;;;;;;;;;;;;0;0;0;0;0;0;0.00;0.00;;;0.00;0.00;0.00;0.00;0.00;0.00
;;;;;;;;;;;;0;0;0;0;0;0;0.00;0.00;;;0.00;0.00;0.00;0.00;0.00;0.00
;;;;;;;;;;;;0;0;0;0;0;0;0.00;0.00;;;0.00;0.00;0.00;0.00;0.00;0.00
;;;;;;;;;;;;0;0;0;0;0;0;0.00;0.00;;;0.00;0.00;0.00;0.00;0.00;0.00
;;;;;;;;;;;;0;0;0;0;0;0;0.00;0.00;;;0.00;0.00;0.00;0.00;0.00;0.00
;;;;;;;;;;;;0;0;0;0;0;0;0.00;0.00;;;0.00;0.00;0.00;0.00;0.00;0.00
;;;;;;;;;;;;0;0;0;0;0;0;0.00;0.00;;;0.00;0.00;0.00;0.00;0.00;0.00
;;;;;;;;;;;;0;0;0;0;0;0;0.00;0.00;;;0.00;0.00;0.00;0.00;0.00;0.00
;;;;;;;;;;;;0;0;0;0;0;0;0.00;0.00;;;0.00;0.00;0.00;0.00;0.00;0.00
;;;;;;;;;;;;0;0;0;0;0;0;0.00;0.00;;;0.00;0.00;0.00;0.00;0.00;0.00
;;;;;;;;;;;;0;0;0;0;0;0;0.00;0.00;;;0.00;0.00;0.00;0.00;0.00;0.00
;;;;;;;;;;;;0;0;0;0;0;0;0.00;0.00;;;0.00;0.00;0.00;0.00;0.00;0.00
;;;;;;;;;;;;0;0;0;0;0;0;0.00;0.00;;;0.00;0.00;0.00;0.00;0.00;0.00
;;;;;;;;;;;;0;0;0;0;0;0;0.00;0.00;;;0.00;0.00;0.00;0.00;0.00;0.00
;;;;;;;;;;;;0;0;0;0;0;0;0.00;0.00;;;0.00;0.00;0.00;0.00;0.00;0.00
;;;;;;;;;;;;0;0;0;0;0;0;0.00;0.00;;;0.00;0.00;0.00;0.00;0.00;0.00
;;;;;;;;;;;;0;0;0;0;0;0;0.00;0.00;;;0.00;0.00;0.00;0.00;0.00;0.00
;;;;;;;;;;;;0;0;0;0;0;0;0.00;0.00;;;0.00;0.00;0.00;0.00;0.00;0.00
;;;;;;;;;;;;0;0;0;0;0;0;0.00;0.00;;;0.00;0.00;0.00;0.00;0.00;0.00
;;;;;;;;;;;;0;0;0;0;0;0;0.00;0.00;;;0.00;0.00;0.00;0.00;0.00;0.00
;;;;;;;;;;;;0;0;0;0;0;0;0.00;0.00;;;0.00;0.00;0.00;0.00;0.00;0.00
;;;;;;;;;;;;0;0;0;0;0;0;0.00;0.00;;;0.00;0.00;0.00;0.00;0.00;0.00
;;;;;;;;;;;;0;0;0;0;0;0;0.00;0.00;;;0.00;0.00;0.00;0.00;0.00;0.00
;;;;;;;;;;;;0;0;0;0;0;0;0.00;0.00;;;0.00;0.00;0.00;0.00;0.00;0.00
;;;;;;;;;;;;0;0;0;0;0;0;0.00;0.00;;;0.00;0.00;0.00;0.00;0.00;0.00
;;;;;;;;;;;;0;0;0;0;0;0;0.00;0.00;;;0.00;0.00;0.00;0.00;0.00;0.00
;;;;;;;;;;;;0;0;0;0;0;0;0.00;0.00;;;0.00;0.00;0.00;0.00;0.00;0.00
;;;;;;;;;;;;0;0;0;0;0;0;0.00;0.00;;;0.00;0.00;0.00;0.00;0.00;0.00
;;;;;;;;;;;;0;0;0;0;0;0;0.00;0.00;;;0.00;0.00;0.00;0.00;0.00;0.00
;;;;;;;;;;;;0;0;0;0;0;0;0.00;0.00;;;0.00;0.00;0.00;0.00;0.00;0.00
;;;;;;;;;;;;0;0;0;0;0;0;0.00;0.00;;;0.00;0.00;0.00;0.00;0.00;0.00
;;;;;;;;;;;;0;0;0;0;0;0;0.00;0.00;;;0.00;0.00;0.00;0.00;0.00;0.00
;;;;;;;;;;;;0;0;0;0;0;0;0.00;0.00;;;0.00;0.00;0.00;0.00;0.00;0.00
;;;;;;;;;;;;0;0;0;0;0;0;0.00;0.00;;;0.00;0.00;0.00;0.00;0.00;0.00
;;;;;;;;;;;;0;0;0;0;0;0;0.00;0.00;;;0.00;0.00;0.00;0.00;0.00;0.00
;;;;;;;;;;;;0;0;0;0;0;0;0.00;0.00;;;0.00;0.00;0.00;0.00;0.00;0.00
;;;;;;;;;;;;0;0;0;0;0;0;0.00;0.00;;;0.00;0.00;0.00;0.00;0.00;0.00
;;;;;;;;;;;;0;0;0;0;0;0;0.00;0.00;;;0.00;0.00;0.00;0.00;0.00;0.00
;;;;;;;;;;;;0;0;0;0;0;0;0.00;0.00;;;0.00;0.00;0.00;0.00;0.00;0.00
;;;;;;;;;;;;0;0;0;0;0;0;0.00;0.00;;;0.00;0.00;0.00;0.00;0.00;0.00
;;;;;;;;;;;;0;0;0;0;0;0;0.00;0.00;;;0.00;0.00;0.00;0.00;0.00;0.00
;;;;;;;;;;;;0;0;0;0;0;0;0.00;0.00;;;0.00;0.00;0.00;0.00;0.00;0.00
;;;;;;;;;;;;0;0;0;0;0;0;0.00;0.00;;;0.00;0.00;0.00;0.00;0.00;0.00
;;;;;;;;;;;;0;0;0;0;0;0;0.00;0.00;;;0.00;0.00;0.00;0.00;0.00;0.00
;;;;;;;;;;;;0;0;0;0;0;0;0.00;0.00;;;0.00;0.00;0.00;0.00;0.00;0.00
;;;;;;;;;;;;0;0;0;0;0;0;0.00;0.00;;;0.00;0.00;0.00;0.00;0.00;0.00
;;;;;;;;;;;;0;0;0;0;0;0;0.00;0.00;;;0.00;0.00;0.00;0.00;0.00;0.00
;;;;;;;;;;;;0;0;0;0;0;0;0.00;0.00;;;0.00;0.00;0.00;0.00;0.00;0.00
;;;;;;;;;;;;0;0;0;0;0;0;0.00;0.00;;;0.00;0.00;0.00;0.00;0.00;0.00
;;;;;;;;;;;;0;0;0;0;0;0;0.00;0.00;;;0.00;0.00;0.00;0.00;0.00;0.00
;;;;;;;;;;;;0;0;0;0;0;0;0.00;0.00;;;0.00;0.00;0.00;0.00;0.00;0.00
;;;;;;;;;;;;0;0;0;0;0;0;0.00;0.00;;;0.00;0.00;0.00;0.00;0.00;0.00
;;;;;;;;;;;;0;0;0;0;0;0;0.00;0.00;;;0.00;0.00;0.00;0.00;0.00;0.00
;;;;;;;;;;;;0;0;0;0;0;0;0.00;0.00;;;0.00;0.00;0.00;0.00;0.00;0.00
;;;;;;;;;;;;0;0;0;0;0;0;0.00;0.00;;;0.00;0.00;0.00;0.00;0.00;0.00
;;;;;;;;;;;;0;0;0;0;0;0;0.00;0.00;;;0.00;0.00;0.00;0.00;0.00;0.00
;;;;;;;;;;;;0;0;0;0;0;0;0.00;0.00;;;0.00;0.00;0.00;0.00;0.00;0.00
;;;;;;;;;;;;0;0;0;0;0;0;0.00;0.00;;;0.00;0.00;0.00;0.00;0.00;0.00
;;;;;;;;;;;;0;0;0;0;0;0;0.00;0.00;;;0.00;0.00;0.00;0.00;0.00;0.00
;;;;;;;;;;;;0;0;0;0;0;0;0.00;0.00;;;0.00;0.00;0.00;0.00;0.00;0.00
;;;;;;;;;;;;0;0;0;0;0;0;0.00;0.00;;;0.00;0.00;0.00;0.00;0.00;0.00
;;;;;;;;;;;;0;0;0;0;0;0;0.00;0.00;;;0.00;0.00;0.00;0.00;0.00;0.00
;;;;;;;;;;;;0;0;0;0;0;0;0.00;0.00;;;0.00;0.00;0.00;0.00;0.00;0.00
;;;;;;;;;;;;0;0;0;0;0;0;0.00;0.00;;;0.00;0.00;0.00;0.00;0.00;0.00
;;;;;;;;;;;;0;0;0;0;0;0;0.00;0.00;;;0.00;0.00;0.00;0.00;0.00;0.00
;;;;;;;;;;;;0;0;0;0;0;0;0.00;0.00;;;0.00;0.00;0.00;0.00;0.00;0.00
;;;;;;;;;;;;0;0;0;0;0;0;0.00;0.00;;;0.00;0.00;0.00;0.00;0.00;0.00
;;;;;;;;;;;;0;0;0;0;0;0;0.00;0.00;;;0.00;0.00;0.00;0.00;0.00;0.00
;;;;;;;;;;;;0;0;0;0;0;0;0.00;0.00;;;0.00;0.00;0.00;0.00;0.00;0.00
;;;;;;;;;;;;0;0;0;0;0;0;0.00;0.00;;;0.00;0.00;0.00;0.00;0.00;0.00
;;;;;;;;;;;;0;0;0;0;0;0;0.00;0.00;;;0.00;0.00;0.00;0.00;0.00;0.00
;;;;;;;;;;;;0;0;0;0;0;0;0.00;0.00;;;0.00;0.00;0.00;0.00;0.00;0.00
;;;;;;;;;;;;0;0;0;0;0;0;0.00;0.00;;;0.00;0.00;0.00;0.00;0.00;0.00
;;;;;;;;;;;;0;0;0;0;0;0;0.00;0.00;;;0.00;0.00;0.00;0.00;0.00;0.00
;;;;;;;;;;;;0;0;0;0;0;0;0.00;0.00;;;0.00;0.00;0.00;0.00;0.00;0.00
;;;;;;;;;;;;0;0;0;0;0;0;0.00;0.00;;;0.00;0.00;0.00;0.00;0.00;0.00
;;;;;;;;;;;;0;0;0;0;0;0;0.00;0.00;;;0.00;0.00;0.00;0.00;0.00;0.00
;;;;;;;;;;;;0;0;0;0;0;0;0.00;0.00;;;0.00;0.00;0.00;0.00;0.00;0.00
;;;;;;;;;;;;0;0;0;0;0;0;0.00;0.00;;;0.00;0.00;0.00;0.00;0.00;0.00
;;;;;;;;;;;;0;0;0;0;0;0;0.00;0.00;;;0.00;0.00;0.00;0.00;0.00;0.00
;;;;;;;;;;;;0;0;0;0;0;0;0.00;0.00;;;0.00;0.00;0.00;0.00;0.00;0.00
;;;;;;;;;;;;0;0;0;0;0;0;0.00;0.00;;;0.00;0.00;0.00;0.00;0.00;0.00
;;;;;;;;;;;;0;0;0;0;0;0;0.00;0.00;;;0.00;0.00;0.00;0.00;0.00;0.00
;;;;;;;;;;;;0;0;0;0;0;0;0.00;0.00;;;0.00;0.00;0.00;0.00;0.00;0.00
;;;;;;;;;;;;0;0;0;0;0;0;0.00;0.00;;;0.00;0.00;0.00;0.00;0.00;0.00
;;;;;;;;;;;;0;0;0;0;0;0;0.00;0.00;;;0.00;0.00;0.00;0.00;0.00;0.00
;;;;;;;;;;;;0;0;0;0;0;0;0.00;0.00;;;0.00;0.00;0.00;0.00;0.00;0.00
;;;;;;;;;;;;0;0;0;0;0;0;0.00;0.00;;;0.00;0.00;0.00;0.00;0.00;0.00
;;;;;;;;;;;;0;0;0;0;0;0;0.00;0.00;;;0.00;0.00;0.00;0.00;0.00;0.00
;;;;;;;;;;;;0;0;0;0;0;0;0.00;0.00;;;0.00;0.00;0.00;0.00;0.00;0.00
;;;;;;;;;;;;0;0;0;0;0;0;0.00;0.00;;;0.00;0.00;0.00;0.00;0.00;0.00
;;;;;;;;;;;;0;0;0;0;0;0;0.00;0.00;;;0.00;0.00;0.00;0.00;0.00;0.00
;;;;;;;;;;;;0;0;0;0;0;0;0.00;0.00;;;0.00;0.00;0.00;0.00;0.00;0.00
;;;;;;;;;;;;0;0;0;0;0;0;0.00;0.00;;;0.00;0.00;0.00;0.00;0.00;0.00
;;;;;;;;;;;;0;0;0;0;0;0;0.00;0.00;;;0.00;0.00;0.00;0.00;0.00;0.00
;;;;;;;;;;;;0;0;0;0;0;0;0.00;0.00;;;0.00;0.00;0.00;0.00;0.00;0.00
;;;;;;;;;;;;0;0;0;0;0;0;0.00;0.00;;;0.00;0.00;0.00;0.00;0.00;0.00
;;;;;;;;;;;;0;0;0;0;0;0;0.00;0.00;;;0.00;0.00;0.00;0.00;0.00;0.00
;;;;;;;;;;;;0;0;0;0;0;0;0.00;0.00;;;0.00;0.00;0.00;0.00;0.00;0.00
;;;;;;;;;;;;0;0;0;0;0;0;0.00;0.00;;;0.00;0.00;0.00;0.00;0.00;0.00
;;;;;;;;;;;;0;0;0;0;0;0;0.00;0.00;;;0.00;0.00;0.00;0.00;0.00;0.00
;;;;;;;;;;;;0;0;0;0;0;0;0.00;0.00;;;0.00;0.00;0.00;0.00;0.00;0.00
;;;;;;;;;;;;0;0;0;0;0;0;0.00;0.00;;;0.00;0.00;0.00;0.00;0.00;0.00
;;;;;;;;;;;;0;0;0;0;0;0;0.00;0.00;;;0.00;0.00;0.00;0.00;0.00;0.00
;;;;;;;;;;;;0;0;0;0;0;0;0.00;0.00;;;0.00;0.00;0.00;0.00;0.00;0.00
;;;;;;;;;;;;0;0;0;0;0;0;0.00;0.00;;;0.00;0.00;0.00;0.00;0.00;0.00
;;;;;;;;;;;;0;0;0;0;0;0;0.00;0.00;;;0.00;0.00;0.00;0.00;0.00;0.00
;;;;;;;;;;;;0;0;0;0;0;0;0.00;0.00;;;0.00;0.00;0.00;0.00;0.00;0.00
;;;;;;;;;;;;0;0;0;0;0;0;0.00;0.00;;;0.00;0.00;0.00;0.00;0.00;0.00
;;;;;;;;;;;;0;0;0;0;0;0;0.00;0.00;;;0.00;0.00;0.00;0.00;0.00;0.00
;;;;;;;;;;;;0;0;0;0;0;0;0.00;0.00;;;0.00;0.00;0.00;0.00;0.00;0.00
;;;;;;;;;;;;0;0;0;0;0;0;0.00;0.00;;;0.00;0.00;0.00;0.00;0.00;0.00
;;;;;;;;;;;;0;0;0;0;0;0;0.00;0.00;;;0.00;0.00;0.00;0.00;0.00;0.00
;;;;;;;;;;;;0;0;0;0;0;0;0.00;0.00;;;0.00;0.00;0.00;0.00;0.00;0.00
;;;;;;;;;;;;0;0;0;0;0;0;0.00;0.00;;;0.00;0.00;0.00;0.00;0.00;0.00
;;;;;;;;;;;;0;0;0;0;0;0;0.00;0.00;;;0.00;0.00;0.00;0.00;0.00;0.00
;;;;;;;;;;;;0;0;0;0;0;0;0.00;0.00;;;0.00;0.00;0.00;0.00;0.00;0.00
;;;;;;;;;;;;0;0;0;0;0;0;0.00;0.00;;;0.00;0.00;0.00;0.00;0.00;0.00
;;;;;;;;;;;;0;0;0;0;0;0;0.00;0.00;;;0.00;0.00;0.00;0.00;0.00;0.00
;;;;;;;;;;;;0;0;0;0;0;0;0.00;0.00;;;0.00;0.00;0.00;0.00;0.00;0.00
;;;;;;;;;;;;0;0;0;0;0;0;0.00;0.00;;;0.00;0.00;0.00;0.00;0.00;0.00
;;;;;;;;;;;;0;0;0;0;0;0;0.00;0.00;;;0.00;0.00;0.00;0.00;0.00;0.00
;;;;;;;;;;;;0;0;0;0;0;0;0.00;0.00;;;0.00;0.00;0.00;0.00;0.00;0.00
;;;;;;;;;;;;0;0;0;0;0;0;0.00;0.00;;;0.00;0.00;0.00;0.00;0.00;0.00
;;;;;;;;;;;;0;0;0;0;0;0;0.00;0.00;;;0.00;0.00;0.00;0.00;0.00;0.00
;;;;;;;;;;;;0;0;0;0;0;0;0.00;0.00;;;0.00;0.00;0.00;0.00;0.00;0.00
;;;;;;;;;;;;0;0;0;0;0;0;0.00;0.00;;;0.00;0.00;0.00;0.00;0.00;0.00
;;;;;;;;;;;;0;0;0;0;0;0;0.00;0.00;;;0.00;0.00;0.00;0.00;0.00;0.00
;;;;;;;;;;;;0;0;0;0;0;0;0.00;0.00;;;0.00;0.00;0.00;0.00;0.00;0.00
;;;;;;;;;;;;0;0;0;0;0;0;0.00;0.00;;;0.00;0.00;0.00;0.00;0.00;0.00
;;;;;;;;;;;;0;0;0;0;0;0;0.00;0.00;;;0.00;0.00;0.00;0.00;0.00;0.00
;;;;;;;;;;;;0;0;0;0;0;0;0.00;0.00;;;0.00;0.00;0.00;0.00;0.00;0.00
;;;;;;;;;;;;0;0;0;0;0;0;0.00;0.00;;;0.00;0.00;0.00;0.00;0.00;0.00
;;;;;;;;;;;;0;0;0;0;0;0;0.00;0.00;;;0.00;0.00;0.00;0.00;0.00;0.00
;;;;;;;;;;;;0;0;0;0;0;0;0.00;0.00;;;0.00;0.00;0.00;0.00;0.00;0.00
;;;;;;;;;;;;0;0;0;0;0;0;0.00;0.00;;;0.00;0.00;0.00;0.00;0.00;0.00
;;;;;;;;;;;;0;0;0;0;0;0;0.00;0.00;;;0.00;0.00;0.00;0.00;0.00;0.00
;;;;;;;;;;;;0;0;0;0;0;0;0.00;0.00;;;0.00;0.00;0.00;0.00;0.00;0.00
;;;;;;;;;;;;0;0;0;0;0;0;0.00;0.00;;;0.00;0.00;0.00;0.00;0.00;0.00
;;;;;;;;;;;;0;0;0;0;0;0;0.00;0.00;;;0.00;0.00;0.00;0.00;0.00;0.00
;;;;;;;;;;;;0;0;0;0;0;0;0.00;0.00;;;0.00;0.00;0.00;0.00;0.00;0.00
;;;;;;;;;;;;0;0;0;0;0;0;0.00;0.00;;;0.00;0.00;0.00;0.00;0.00;0.00
;;;;;;;;;;;;0;0;0;0;0;0;0.00;0.00;;;0.00;0.00;0.00;0.00;0.00;0.00
;;;;;;;;;;;;0;0;0;0;0;0;0.00;0.00;;;0.00;0.00;0.00;0.00;0.00;0.00
;;;;;;;;;;;;0;0;0;0;0;0;0.00;0.00;;;0.00;0.00;0.00;0.00;0.00;0.00
;;;;;;;;;;;;0;0;0;0;0;0;0.00;0.00;;;0.00;0.00;0.00;0.00;0.00;0.00
;;;;;;;;;;;;0;0;0;0;0;0;0.00;0.00;;;0.00;0.00;0.00;0.00;0.00;0.00
;;;;;;;;;;;;0;0;0;0;0;0;0.00;0.00;;;0.00;0.00;0.00;0.00;0.00;0.00
;;;;;;;;;;;;0;0;0;0;0;0;0.00;0.00;;;0.00;0.00;0.00;0.00;0.00;0.00
;;;;;;;;;;;;0;0;0;0;0;0;0.00;0.00;;;0.00;0.00;0.00;0.00;0.00;0.00
;;;;;;;;;;;;0;0;0;0;0;0;0.00;0.00;;;0.00;0.00;0.00;0.00;0.00;0.00
;;;;;;;;;;;;0;0;0;0;0;0;0.00;0.00;;;0.00;0.00;0.00;0.00;0.00;0.00
;;;;;;;;;;;;0;0;0;0;0;0;0.00;0.00;;;0.00;0.00;0.00;0.00;0.00;0.00
;;;;;;;;;;;;0;0;0;0;0;0;0.00;0.00;;;0.00;0.00;0.00;0.00;0.00;0.00
;;;;;;;;;;;;0;0;0;0;0;0;0.00;0.00;;;0.00;0.00;0.00;0.00;0.00;0.00
;;;;;;;;;;;;0;0;0;0;0;0;0.00;0.00;;;0.00;0.00;0.00;0.00;0.00;0.00
;;;;;;;;;;;;0;0;0;0;0;0;0.00;0.00;;;0.00;0.00;0.00;0.00;0.00;0.00
;;;;;;;;;;;;0;0;0;0;0;0;0.00;0.00;;;0.00;0.00;0.00;0.00;0.00;0.00
;;;;;;;;;;;;0;0;0;0;0;0;0.00;0.00;;;0.00;0.00;0.00;0.00;0.00;0.00
;;;;;;;;;;;;0;0;0;0;0;0;0.00;0.00;;;0.00;0.00;0.00;0.00;0.00;0.00
;;;;;;;;;;;;0;0;0;0;0;0;0.00;0.00;;;0.00;0.00;0.00;0.00;0.00;0.00
;;;;;;;;;;;;0;0;0;0;0;0;0.00;0.00;;;0.00;0.00;0.00;0.00;0.00;0.00
;;;;;;;;;;;;0;0;0;0;0;0;0.00;0.00;;;0.00;0.00;0.00;0.00;0.00;0.00
;;;;;;;;;;;;0;0;0;0;0;0;0.00;0.00;;;0.00;0.00;0.00;0.00;0.00;0.00
;;;;;;;;;;;;0;0;0;0;0;0;0.00;0.00;;;0.00;0.00;0.00;0.00;0.00;0.00
;;;;;;;;;;;;0;0;0;0;0;0;0.00;0.00;;;0.00;0.00;0.00;0.00;0.00;0.00
;;;;;;;;;;;;0;0;0;0;0;0;0.00;0.00;;;0.00;0.00;0.00;0.00;0.00;0.00
;;;;;;;;;;;;0;0;0;0;0;0;0.00;0.00;;;0.00;0.00;0.00;0.00;0.00;0.00
;;;;;;;;;;;;0;0;0;0;0;0;0.00;0.00;;;0.00;0.00;0.00;0.00;0.00;0.00
;;;;;;;;;;;;0;0;0;0;0;0;0.00;0.00;;;0.00;0.00;0.00;0.00;0.00;0.00
;;;;;;;;;;;;0;0;0;0;0;0;0.00;0.00;;;0.00;0.00;0.00;0.00;0.00;0.00
;;;;;;;;;;;;0;0;0;0;0;0;0.00;0.00;;;0.00;0.00;0.00;0.00;0.00;0.00
;;;;;;;;;;;;0;0;0;0;0;0;0.00;0.00;;;0.00;0.00;0.00;0.00;0.00;0.00
;;;;;;;;;;;;0;0;0;0;0;0;0.00;0.00;;;0.00;0.00;0.00;0.00;0.00;0.00
;;;;;;;;;;;;0;0;0;0;0;0;0.00;0.00;;;0.00;0.00;0.00;0.00;0.00;0.00
;;;;;;;;;;;;0;0;0;0;0;0;0.00;0.00;;;0.00;0.00;0.00;0.00;0.00;0.00
;;;;;;;;;;;;0;0;0;0;0;0;0.00;0.00;;;0.00;0.00;0.00;0.00;0.00;0.00
;;;;;;;;;;;;0;0;0;0;0;0;0.00;0.00;;;0.00;0.00;0.00;0.00;0.00;0.00
;;;;;;;;;;;;0;0;0;0;0;0;0.00;0.00;;;0.00;0.00;0.00;0.00;0.00;0.00
;;;;;;;;;;;;0;0;0;0;0;0;0.00;0.00;;;0.00;0.00;0.00;0.00;0.00;0.00
;;;;;;;;;;;;0;0;0;0;0;0;0.00;0.00;;;0.00;0.00;0.00;0.00;0.00;0.00
;;;;;;;;;;;;0;0;0;0;0;0;0.00;0.00;;;0.00;0.00;0.00;0.00;0.00;0.00
;;;;;;;;;;;;0;0;0;0;0;0;0.00;0.00;;;0.00;0.00;0.00;0.00;0.00;0.00
;;;;;;;;;;;;0;0;0;0;0;0;0.00;0.00;;;0.00;0.00;0.00;0.00;0.00;0.00
;;;;;;;;;;;;0;0;0;0;0;0;0.00;0.00;;;0.00;0.00;0.00;0.00;0.00;0.00
;;;;;;;;;;;;0;0;0;0;0;0;0.00;0.00;;;0.00;0.00;0.00;0.00;0.00;0.00
;;;;;;;;;;;;0;0;0;0;0;0;0.00;0.00;;;0.00;0.00;0.00;0.00;0.00;0.00
;;;;;;;;;;;;0;0;0;0;0;0;0.00;0.00;;;0.00;0.00;0.00;0.00;0.00;0.00
;;;;;;;;;;;;0;0;0;0;0;0;0.00;0.00;;;0.00;0.00;0.00;0.00;0.00;0.00
;;;;;;;;;;;;0;0;0;0;0;0;0.00;0.00;;;0.00;0.00;0.00;0.00;0.00;0.00
;;;;;;;;;;;;0;0;0;0;0;0;0.00;0.00;;;0.00;0.00;0.00;0.00;0.00;0.00
;;;;;;;;;;;;0;0;0;0;0;0;0.00;0.00;;;0.00;0.00;0.00;0.00;0.00;0.00
;;;;;;;;;;;;0;0;0;0;0;0;0.00;0.00;;;0.00;0.00;0.00;0.00;0.00;0.00
;;;;;;;;;;;;0;0;0;0;0;0;0.00;0.00;;;0.00;0.00;0.00;0.00;0.00;0.00
;;;;;;;;;;;;0;0;0;0;0;0;0.00;0.00;;;0.00;0.00;0.00;0.00;0.00;0.00
;;;;;;;;;;;;0;0;0;0;0;0;0.00;0.00;;;0.00;0.00;0.00;0.00;0.00;0.00
;;;;;;;;;;;;0;0;0;0;0;0;0.00;0.00;;;0.00;0.00;0.00;0.00;0.00;0.00
;;;;;;;;;;;;0;0;0;0;0;0;0.00;0.00;;;0.00;0.00;0.00;0.00;0.00;0.00
;;;;;;;;;;;;0;0;0;0;0;0;0.00;0.00;;;0.00;0.00;0.00;0.00;0.00;0.00
;;;;;;;;;;;;0;0;0;0;0;0;0.00;0.00;;;0.00;0.00;0.00;0.00;0.00;0.00
;;;;;;;;;;;;0;0;0;0;0;0;0.00;0.00;;;0.00;0.00;0.00;0.00;0.00;0.00
;;;;;;;;;;;;0;0;0;0;0;0;0.00;0.00;;;0.00;0.00;0.00;0.00;0.00;0.00
;;;;;;;;;;;;0;0;0;0;0;0;0.00;0.00;;;0.00;0.00;0.00;0.00;0.00;0.00
;;;;;;;;;;;;0;0;0;0;0;0;0.00;0.00;;;0.00;0.00;0.00;0.00;0.00;0.00
;;;;;;;;;;;;0;0;0;0;0;0;0.00;0.00;;;0.00;0.00;0.00;0.00;0.00;0.00
;;;;;;;;;;;;0;0;0;0;0;0;0.00;0.00;;;0.00;0.00;0.00;0.00;0.00;0.00
;;;;;;;;;;;;0;0;0;0;0;0;0.00;0.00;;;0.00;0.00;0.00;0.00;0.00;0.00
;;;;;;;;;;;;0;0;0;0;0;0;0.00;0.00;;;0.00;0.00;0.00;0.00;0.00;0.00
;;;;;;;;;;;;0;0;0;0;0;0;0.00;0.00;;;0.00;0.00;0.00;0.00;0.00;0.00
;;;;;;;;;;;;0;0;0;0;0;0;0.00;0.00;;;0.00;0.00;0.00;0.00;0.00;0.00
;;;;;;;;;;;;0;0;0;0;0;0;0.00;0.00;;;0.00;0.00;0.00;0.00;0.00;0.00
;;;;;;;;;;;;0;0;0;0;0;0;0.00;0.00;;;0.00;0.00;0.00;0.00;0.00;0.00
;;;;;;;;;;;;0;0;0;0;0;0;0.00;0.00;;;0.00;0.00;0.00;0.00;0.00;0.00
;;;;;;;;;;;;0;0;0;0;0;0;0.00;0.00;;;0.00;0.00;0.00;0.00;0.00;0.00
;;;;;;;;;;;;0;0;0;0;0;0;0.00;0.00;;;0.00;0.00;0.00;0.00;0.00;0.00
;;;;;;;;;;;;0;0;0;0;0;0;0.00;0.00;;;0.00;0.00;0.00;0.00;0.00;0.00
;;;;;;;;;;;;0;0;0;0;0;0;0.00;0.00;;;0.00;0.00;0.00;0.00;0.00;0.00
;;;;;;;;;;;;0;0;0;0;0;0;0.00;0.00;;;0.00;0.00;0.00;0.00;0.00;0.00
;;;;;;;;;;;;0;0;0;0;0;0;0.00;0.00;;;0.00;0.00;0.00;0.00;0.00;0.00
;;;;;;;;;;;;0;0;0;0;0;0;0.00;0.00;;;0.00;0.00;0.00;0.00;0.00;0.00
;;;;;;;;;;;;0;0;0;0;0;0;0.00;0.00;;;0.00;0.00;0.00;0.00;0.00;0.00
;;;;;;;;;;;;0;0;0;0;0;0;0.00;0.00;;;0.00;0.00;0.00;0.00;0.00;0.00
;;;;;;;;;;;;0;0;0;0;0;0;0.00;0.00;;;0.00;0.00;0.00;0.00;0.00;0.00
;;;;;;;;;;;;0;0;0;0;0;0;0.00;0.00;;;0.00;0.00;0.00;0.00;0.00;0.00
;;;;;;;;;;;;0;0;0;0;0;0;0.00;0.00;;;0.00;0.00;0.00;0.00;0.00;0.00
;;;;;;;;;;;;0;0;0;0;0;0;0.00;0.00;;;0.00;0.00;0.00;0.00;0.00;0.00
;;;;;;;;;;;;0;0;0;0;0;0;0.00;0.00;;;0.00;0.00;0.00;0.00;0.00;0.00
;;;;;;;;;;;;0;0;0;0;0;0;0.00;0.00;;;0.00;0.00;0.00;0.00;0.00;0.00
;;;;;;;;;;;;0;0;0;0;0;0;0.00;0.00;;;0.00;0.00;0.00;0.00;0.00;0.00
;;;;;;;;;;;;0;0;0;0;0;0;0.00;0.00;;;0.00;0.00;0.00;0.00;0.00;0.00
;;;;;;;;;;;;0;0;0;0;0;0;0.00;0.00;;;0.00;0.00;0.00;0.00;0.00;0.00
;;;;;;;;;;;;0;0;0;0;0;0;0.00;0.00;;;0.00;0.00;0.00;0.00;0.00;0.00
;;;;;;;;;;;;0;0;0;0;0;0;0.00;0.00;;;0.00;0.00;0.00;0.00;0.00;0.00
;;;;;;;;;;;;0;0;0;0;0;0;0.00;0.00;;;0.00;0.00;0.00;0.00;0.00;0.00
;;;;;;;;;;;;0;0;0;0;0;0;0.00;0.00;;;0.00;0.00;0.00;0.00;0.00;0.00
;;;;;;;;;;;;0;0;0;0;0;0;0.00;0.00;;;0.00;0.00;0.00;0.00;0.00;0.00
;;;;;;;;;;;;0;0;0;0;0;0;0.00;0.00;;;0.00;0.00;0.00;0.00;0.00;0.00
;;;;;;;;;;;;0;0;0;0;0;0;0.00;0.00;;;0.00;0.00;0.00;0.00;0.00;0.00
;;;;;;;;;;;;0;0;0;0;0;0;0.00;0.00;;;0.00;0.00;0.00;0.00;0.00;0.00
;;;;;;;;;;;;0;0;0;0;0;0;0.00;0.00;;;0.00;0.00;0.00;0.00;0.00;0.00
;;;;;;;;;;;;0;0;0;0;0;0;0.00;0.00;;;0.00;0.00;0.00;0.00;0.00;0.00
;;;;;;;;;;;;0;0;0;0;0;0;0.00;0.00;;;0.00;0.00;0.00;0.00;0.00;0.00
;;;;;;;;;;;;0;0;0;0;0;0;0.00;0.00;;;0.00;0.00;0.00;0.00;0.00;0.00
;;;;;;;;;;;;0;0;0;0;0;0;0.00;0.00;;;0.00;0.00;0.00;0.00;0.00;0.00
;;;;;;;;;;;;0;0;0;0;0;0;0.00;0.00;;;0.00;0.00;0.00;0.00;0.00;0.00
;;;;;;;;;;;;0;0;0;0;0;0;0.00;0.00;;;0.00;0.00;0.00;0.00;0.00;0.00
;;;;;;;;;;;;0;0;0;0;0;0;0.00;0.00;;;0.00;0.00;0.00;0.00;0.00;0.00
;;;;;;;;;;;;0;0;0;0;0;0;0.00;0.00;;;0.00;0.00;0.00;0.00;0.00;0.00
;;;;;;;;;;;;0;0;0;0;0;0;0.00;0.00;;;0.00;0.00;0.00;0.00;0.00;0.00
;;;;;;;;;;;;0;0;0;0;0;0;0.00;0.00;;;0.00;0.00;0.00;0.00;0.00;0.00
;;;;;;;;;;;;0;0;0;0;0;0;0.00;0.00;;;0.00;0.00;0.00;0.00;0.00;0.00
;;;;;;;;;;;;0;0;0;0;0;0;0.00;0.00;;;0.00;0.00;0.00;0.00;0.00;0.00
;;;;;;;;;;;;0;0;0;0;0;0;0.00;0.00;;;0.00;0.00;0.00;0.00;0.00;0.00
;;;;;;;;;;;;0;0;0;0;0;0;0.00;0.00;;;0.00;0.00;0.00;0.00;0.00;0.00
;;;;;;;;;;;;0;0;0;0;0;0;0.00;0.00;;;0.00;0.00;0.00;0.00;0.00;0.00
;;;;;;;;;;;;0;0;0;0;0;0;0.00;0.00;;;0.00;0.00;0.00;0.00;0.00;0.00
;;;;;;;;;;;;0;0;0;0;0;0;0.00;0.00;;;0.00;0.00;0.00;0.00;0.00;0.00
;;;;;;;;;;;;0;0;0;0;0;0;0.00;0.00;;;0.00;0.00;0.00;0.00;0.00;0.00
;;;;;;;;;;;;0;0;0;0;0;0;0.00;0.00;;;0.00;0.00;0.00;0.00;0.00;0.00
;;;;;;;;;;;;0;0;0;0;0;0;0.00;0.00;;;0.00;0.00;0.00;0.00;0.00;0.00
;;;;;;;;;;;;0;0;0;0;0;0;0.00;0.00;;;0.00;0.00;0.00;0.00;0.00;0.00
;;;;;;;;;;;;0;0;0;0;0;0;0.00;0.00;;;0.00;0.00;0.00;0.00;0.00;0.00
;;;;;;;;;;;;0;0;0;0;0;0;0.00;0.00;;;0.00;0.00;0.00;0.00;0.00;0.00
;;;;;;;;;;;;0;0;0;0;0;0;0.00;0.00;;;0.00;0.00;0.00;0.00;0.00;0.00
;;;;;;;;;;;;0;0;0;0;0;0;0.00;0.00;;;0.00;0.00;0.00;0.00;0.00;0.00
;;;;;;;;;;;;0;0;0;0;0;0;0.00;0.00;;;0.00;0.00;0.00;0.00;0.00;0.00
;;;;;;;;;;;;0;0;0;0;0;0;0.00;0.00;;;0.00;0.00;0.00;0.00;0.00;0.00
;;;;;;;;;;;;0;0;0;0;0;0;0.00;0.00;;;0.00;0.00;0.00;0.00;0.00;0.00
;;;;;;;;;;;;0;0;0;0;0;0;0.00;0.00;;;0.00;0.00;0.00;0.00;0.00;0.00
;;;;;;;;;;;;0;0;0;0;0;0;0.00;0.00;;;0.00;0.00;0.00;0.00;0.00;0.00
;;;;;;;;;;;;0;0;0;0;0;0;0.00;0.00;;;0.00;0.00;0.00;0.00;0.00;0.00
;;;;;;;;;;;;0;0;0;0;0;0;0.00;0.00;;;0.00;0.00;0.00;0.00;0.00;0.00
;;;;;;;;;;;;0;0;0;0;0;0;0.00;0.00;;;0.00;0.00;0.00;0.00;0.00;0.00
;;;;;;;;;;;;0;0;0;0;0;0;0.00;0.00;;;0.00;0.00;0.00;0.00;0.00;0.00
;;;;;;;;;;;;0;0;0;0;0;0;0.00;0.00;;;0.00;0.00;0.00;0.00;0.00;0.00
;;;;;;;;;;;;0;0;0;0;0;0;0.00;0.00;;;0.00;0.00;0.00;0.00;0.00;0.00
;;;;;;;;;;;;0;0;0;0;0;0;0.00;0.00;;;0.00;0.00;0.00;0.00;0.00;0.00
;;;;;;;;;;;;0;0;0;0;0;0;0.00;0.00;;;0.00;0.00;0.00;0.00;0.00;0.00
;;;;;;;;;;;;0;0;0;0;0;0;0.00;0.00;;;0.00;0.00;0.00;0.00;0.00;0.00
;;;;;;;;;;;;0;0;0;0;0;0;0.00;0.00;;;0.00;0.00;0.00;0.00;0.00;0.00
;;;;;;;;;;;;0;0;0;0;0;0;0.00;0.00;;;0.00;0.00;0.00;0.00;0.00;0.00
;;;;;;;;;;;;0;0;0;0;0;0;0.00;0.00;;;0.00;0.00;0.00;0.00;0.00;0.00
;;;;;;;;;;;;0;0;0;0;0;0;0.00;0.00;;;0.00;0.00;0.00;0.00;0.00;0.00
;;;;;;;;;;;;0;0;0;0;0;0;0.00;0.00;;;0.00;0.00;0.00;0.00;0.00;0.00
;;;;;;;;;;;;0;0;0;0;0;0;0.00;0.00;;;0.00;0.00;0.00;0.00;0.00;0.00
;;;;;;;;;;;;0;0;0;0;0;0;0.00;0.00;;;0.00;0.00;0.00;0.00;0.00;0.00
;;;;;;;;;;;;0;0;0;0;0;0;0.00;0.00;;;0.00;0.00;0.00;0.00;0.00;0.00
;;;;;;;;;;;;0;0;0;0;0;0;0.00;0.00;;;0.00;0.00;0.00;0.00;0.00;0.00
;;;;;;;;;;;;0;0;0;0;0;0;0.00;0.00;;;0.00;0.00;0.00;0.00;0.00;0.00
;;;;;;;;;;;;0;0;0;0;0;0;0.00;0.00;;;0.00;0.00;0.00;0.00;0.00;0.00
;;;;;;;;;;;;0;0;0;0;0;0;0.00;0.00;;;0.00;0.00;0.00;0.00;0.00;0.00
;;;;;;;;;;;;0;0;0;0;0;0;0.00;0.00;;;0.00;0.00;0.00;0.00;0.00;0.00
;;;;;;;;;;;;0;0;0;0;0;0;0.00;0.00;;;0.00;0.00;0.00;0.00;0.00;0.00
;;;;;;;;;;;;0;0;0;0;0;0;0.00;0.00;;;0.00;0.00;0.00;0.00;0.00;0.00
;;;;;;;;;;;;0;0;0;0;0;0;0.00;0.00;;;0.00;0.00;0.00;0.00;0.00;0.00
;;;;;;;;;;;;0;0;0;0;0;0;0.00;0.00;;;0.00;0.00;0.00;0.00;0.00;0.00
;;;;;;;;;;;;0;0;0;0;0;0;0.00;0.00;;;0.00;0.00;0.00;0.00;0.00;0.00
;;;;;;;;;;;;0;0;0;0;0;0;0.00;0.00;;;0.00;0.00;0.00;0.00;0.00;0.00
;;;;;;;;;;;;0;0;0;0;0;0;0.00;0.00;;;0.00;0.00;0.00;0.00;0.00;0.00
;;;;;;;;;;;;0;0;0;0;0;0;0.00;0.00;;;0.00;0.00;0.00;0.00;0.00;0.00
;;;;;;;;;;;;0;0;0;0;0;0;0.00;0.00;;;0.00;0.00;0.00;0.00;0.00;0.00
;;;;;;;;;;;;0;0;0;0;0;0;0.00;0.00;;;0.00;0.00;0.00;0.00;0.00;0.00
;;;;;;;;;;;;0;0;0;0;0;0;0.00;0.00;;;0.00;0.00;0.00;0.00;0.00;0.00
;;;;;;;;;;;;0;0;0;0;0;0;0.00;0.00;;;0.00;0.00;0.00;0.00;0.00;0.00
;;;;;;;;;;;;0;0;0;0;0;0;0.00;0.00;;;0.00;0.00;0.00;0.00;0.00;0.00
;;;;;;;;;;;;0;0;0;0;0;0;0.00;0.00;;;0.00;0.00;0.00;0.00;0.00;0.00
;;;;;;;;;;;;0;0;0;0;0;0;0.00;0.00;;;0.00;0.00;0.00;0.00;0.00;0.00
;;;;;;;;;;;;0;0;0;0;0;0;0.00;0.00;;;0.00;0.00;0.00;0.00;0.00;0.00
;;;;;;;;;;;;0;0;0;0;0;0;0.00;0.00;;;0.00;0.00;0.00;0.00;0.00;0.00
;;;;;;;;;;;;0;0;0;0;0;0;0.00;0.00;;;0.00;0.00;0.00;0.00;0.00;0.00
;;;;;;;;;;;;0;0;0;0;0;0;0.00;0.00;;;0.00;0.00;0.00;0.00;0.00;0.00
;;;;;;;;;;;;0;0;0;0;0;0;0.00;0.00;;;0.00;0.00;0.00;0.00;0.00;0.00
;;;;;;;;;;;;0;0;0;0;0;0;0.00;0.00;;;0.00;0.00;0.00;0.00;0.00;0.00
;;;;;;;;;;;;0;0;0;0;0;0;0.00;0.00;;;0.00;0.00;0.00;0.00;0.00;0.00
;;;;;;;;;;;;0;0;0;0;0;0;0.00;0.00;;;0.00;0.00;0.00;0.00;0.00;0.00
;;;;;;;;;;;;0;0;0;0;0;0;0.00;0.00;;;0.00;0.00;0.00;0.00;0.00;0.00
;;;;;;;;;;;;0;0;0;0;0;0;0.00;0.00;;;0.00;0.00;0.00;0.00;0.00;0.00
;;;;;;;;;;;;0;0;0;0;0;0;0.00;0.00;;;0.00;0.00;0.00;0.00;0.00;0.00
;;;;;;;;;;;;0;0;0;0;0;0;0.00;0.00;;;0.00;0.00;0.00;0.00;0.00;0.00
;;;;;;;;;;;;0;0;0;0;0;0;0.00;0.00;;;0.00;0.00;0.00;0.00;0.00;0.00
;;;;;;;;;;;;0;0;0;0;0;0;0.00;0.00;;;0.00;0.00;0.00;0.00;0.00;0.00
;;;;;;;;;;;;0;0;0;0;0;0;0.00;0.00;;;0.00;0.00;0.00;0.00;0.00;0.00
;;;;;;;;;;;;0;0;0;0;0;0;0.00;0.00;;;0.00;0.00;0.00;0.00;0.00;0.00
;;;;;;;;;;;;0;0;0;0;0;0;0.00;0.00;;;0.00;0.00;0.00;0.00;0.00;0.00
;;;;;;;;;;;;0;0;0;0;0;0;0.00;0.00;;;0.00;0.00;0.00;0.00;0.00;0.00
;;;;;;;;;;;;0;0;0;0;0;0;0.00;0.00;;;0.00;0.00;0.00;0.00;0.00;0.00
;;;;;;;;;;;;0;0;0;0;0;0;0.00;0.00;;;0.00;0.00;0.00;0.00;0.00;0.00
;;;;;;;;;;;;0;0;0;0;0;0;0.00;0.00;;;0.00;0.00;0.00;0.00;0.00;0.00
;;;;;;;;;;;;0;0;0;0;0;0;0.00;0.00;;;0.00;0.00;0.00;0.00;0.00;0.00
;;;;;;;;;;;;0;0;0;0;0;0;0.00;0.00;;;0.00;0.00;0.00;0.00;0.00;0.00
;;;;;;;;;;;;0;0;0;0;0;0;0.00;0.00;;;0.00;0.00;0.00;0.00;0.00;0.00
;;;;;;;;;;;;0;0;0;0;0;0;0.00;0.00;;;0.00;0.00;0.00;0.00;0.00;0.00
;;;;;;;;;;;;0;0;0;0;0;0;0.00;0.00;;;0.00;0.00;0.00;0.00;0.00;0.00
;;;;;;;;;;;;0;0;0;0;0;0;0.00;0.00;;;0.00;0.00;0.00;0.00;0.00;0.00
;;;;;;;;;;;;0;0;0;0;0;0;0.00;0.00;;;0.00;0.00;0.00;0.00;0.00;0.00
;;;;;;;;;;;;0;0;0;0;0;0;0.00;0.00;;;0.00;0.00;0.00;0.00;0.00;0.00
;;;;;;;;;;;;0;0;0;0;0;0;0.00;0.00;;;0.00;0.00;0.00;0.00;0.00;0.00
;;;;;;;;;;;;0;0;0;0;0;0;0.00;0.00;;;0.00;0.00;0.00;0.00;0.00;0.00
;;;;;;;;;;;;0;0;0;0;0;0;0.00;0.00;;;0.00;0.00;0.00;0.00;0.00;0.00
;;;;;;;;;;;;0;0;0;0;0;0;0.00;0.00;;;0.00;0.00;0.00;0.00;0.00;0.00
;;;;;;;;;;;;0;0;0;0;0;0;0.00;0.00;;;0.00;0.00;0.00;0.00;0.00;0.00
;;;;;;;;;;;;0;0;0;0;0;0;0.00;0.00;;;0.00;0.00;0.00;0.00;0.00;0.00
;;;;;;;;;;;;0;0;0;0;0;0;0.00;0.00;;;0.00;0.00;0.00;0.00;0.00;0.00
;;;;;;;;;;;;0;0;0;0;0;0;0.00;0.00;;;0.00;0.00;0.00;0.00;0.00;0.00
;;;;;;;;;;;;0;0;0;0;0;0;0.00;0.00;;;0.00;0.00;0.00;0.00;0.00;0.00
;;;;;;;;;;;;0;0;0;0;0;0;0.00;0.00;;;0.00;0.00;0.00;0.00;0.00;0.00
;;;;;;;;;;;;0;0;0;0;0;0;0.00;0.00;;;0.00;0.00;0.00;0.00;0.00;0.00
;;;;;;;;;;;;0;0;0;0;0;0;0.00;0.00;;;0.00;0.00;0.00;0.00;0.00;0.00
;;;;;;;;;;;;0;0;0;0;0;0;0.00;0.00;;;0.00;0.00;0.00;0.00;0.00;0.00
;;;;;;;;;;;;0;0;0;0;0;0;0.00;0.00;;;0.00;0.00;0.00;0.00;0.00;0.00
;;;;;;;;;;;;0;0;0;0;0;0;0.00;0.00;;;0.00;0.00;0.00;0.00;0.00;0.00
;;;;;;;;;;;;0;0;0;0;0;0;0.00;0.00;;;0.00;0.00;0.00;0.00;0.00;0.00
;;;;;;;;;;;;0;0;0;0;0;0;0.00;0.00;;;0.00;0.00;0.00;0.00;0.00;0.00
;;;;;;;;;;;;0;0;0;0;0;0;0.00;0.00;;;0.00;0.00;0.00;0.00;0.00;0.00
;;;;;;;;;;;;0;0;0;0;0;0;0.00;0.00;;;0.00;0.00;0.00;0.00;0.00;0.00
;;;;;;;;;;;;0;0;0;0;0;0;0.00;0.00;;;0.00;0.00;0.00;0.00;0.00;0.00
;;;;;;;;;;;;0;0;0;0;0;0;0.00;0.00;;;0.00;0.00;0.00;0.00;0.00;0.00
;;;;;;;;;;;;0;0;0;0;0;0;0.00;0.00;;;0.00;0.00;0.00;0.00;0.00;0.00
;;;;;;;;;;;;0;0;0;0;0;0;0.00;0.00;;;0.00;0.00;0.00;0.00;0.00;0.00
;;;;;;;;;;;;0;0;0;0;0;0;0.00;0.00;;;0.00;0.00;0.00;0.00;0.00;0.00
;;;;;;;;;;;;0;0;0;0;0;0;0.00;0.00;;;0.00;0.00;0.00;0.00;0.00;0.00
;;;;;;;;;;;;0;0;0;0;0;0;0.00;0.00;;;0.00;0.00;0.00;0.00;0.00;0.00
;;;;;;;;;;;;0;0;0;0;0;0;0.00;0.00;;;0.00;0.00;0.00;0.00;0.00;0.00
;;;;;;;;;;;;0;0;0;0;0;0;0.00;0.00;;;0.00;0.00;0.00;0.00;0.00;0.00
;;;;;;;;;;;;0;0;0;0;0;0;0.00;0.00;;;0.00;0.00;0.00;0.00;0.00;0.00
;;;;;;;;;;;;0;0;0;0;0;0;0.00;0.00;;;0.00;0.00;0.00;0.00;0.00;0.00
;;;;;;;;;;;;0;0;0;0;0;0;0.00;0.00;;;0.00;0.00;0.00;0.00;0.00;0.00
;;;;;;;;;;;;0;0;0;0;0;0;0.00;0.00;;;0.00;0.00;0.00;0.00;0.00;0.00
;;;;;;;;;;;;0;0;0;0;0;0;0.00;0.00;;;0.00;0.00;0.00;0.00;0.00;0.00
;;;;;;;;;;;;0;0;0;0;0;0;0.00;0.00;;;0.00;0.00;0.00;0.00;0.00;0.00
;;;;;;;;;;;;0;0;0;0;0;0;0.00;0.00;;;0.00;0.00;0.00;0.00;0.00;0.00
;;;;;;;;;;;;0;0;0;0;0;0;0.00;0.00;;;0.00;0.00;0.00;0.00;0.00;0.00
;;;;;;;;;;;;0;0;0;0;0;0;0.00;0.00;;;0.00;0.00;0.00;0.00;0.00;0.00
;;;;;;;;;;;;0;0;0;0;0;0;0.00;0.00;;;0.00;0.00;0.00;0.00;0.00;0.00
;;;;;;;;;;;;0;0;0;0;0;0;0.00;0.00;;;0.00;0.00;0.00;0.00;0.00;0.00
;;;;;;;;;;;;0;0;0;0;0;0;0.00;0.00;;;0.00;0.00;0.00;0.00;0.00;0.00
;;;;;;;;;;;;0;0;0;0;0;0;0.00;0.00;;;0.00;0.00;0.00;0.00;0.00;0.00
;;;;;;;;;;;;0;0;0;0;0;0;0.00;0.00;;;0.00;0.00;0.00;0.00;0.00;0.00
;;;;;;;;;;;;0;0;0;0;0;0;0.00;0.00;;;0.00;0.00;0.00;0.00;0.00;0.00
;;;;;;;;;;;;0;0;0;0;0;0;0.00;0.00;;;0.00;0.00;0.00;0.00;0.00;0.00
;;;;;;;;;;;;0;0;0;0;0;0;0.00;0.00;;;0.00;0.00;0.00;0.00;0.00;0.00
;;;;;;;;;;;;0;0;0;0;0;0;0.00;0.00;;;0.00;0.00;0.00;0.00;0.00;0.00
;;;;;;;;;;;;0;0;0;0;0;0;0.00;0.00;;;0.00;0.00;0.00;0.00;0.00;0.00
;;;;;;;;;;;;0;0;0;0;0;0;0.00;0.00;;;0.00;0.00;0.00;0.00;0.00;0.00
;;;;;;;;;;;;0;0;0;0;0;0;0.00;0.00;;;0.00;0.00;0.00;0.00;0.00;0.00
;;;;;;;;;;;;0;0;0;0;0;0;0.00;0.00;;;0.00;0.00;0.00;0.00;0.00;0.00
;;;;;;;;;;;;0;0;0;0;0;0;0.00;0.00;;;0.00;0.00;0.00;0.00;0.00;0.00
;;;;;;;;;;;;0;0;0;0;0;0;0.00;0.00;;;0.00;0.00;0.00;0.00;0.00;0.00
;;;;;;;;;;;;0;0;0;0;0;0;0.00;0.00;;;0.00;0.00;0.00;0.00;0.00;0.00
;;;;;;;;;;;;0;0;0;0;0;0;0.00;0.00;;;0.00;0.00;0.00;0.00;0.00;0.00
;;;;;;;;;;;;0;0;0;0;0;0;0.00;0.00;;;0.00;0.00;0.00;0.00;0.00;0.00
;;;;;;;;;;;;0;0;0;0;0;0;0.00;0.00;;;0.00;0.00;0.00;0.00;0.00;0.00
;;;;;;;;;;;;0;0;0;0;0;0;0.00;0.00;;;0.00;0.00;0.00;0.00;0.00;0.00
;;;;;;;;;;;;0;0;0;0;0;0;0.00;0.00;;;0.00;0.00;0.00;0.00;0.00;0.00
;;;;;;;;;;;;0;0;0;0;0;0;0.00;0.00;;;0.00;0.00;0.00;0.00;0.00;0.00
;;;;;;;;;;;;0;0;0;0;0;0;0.00;0.00;;;0.00;0.00;0.00;0.00;0.00;0.00
;;;;;;;;;;;;0;0;0;0;0;0;0.00;0.00;;;0.00;0.00;0.00;0.00;0.00;0.00
;;;;;;;;;;;;0;0;0;0;0;0;0.00;0.00;;;0.00;0.00;0.00;0.00;0.00;0.00
;;;;;;;;;;;;0;0;0;0;0;0;0.00;0.00;;;0.00;0.00;0.00;0.00;0.00;0.00
;;;;;;;;;;;;0;0;0;0;0;0;0.00;0.00;;;0.00;0.00;0.00;0.00;0.00;0.00
;;;;;;;;;;;;0;0;0;0;0;0;0.00;0.00;;;0.00;0.00;0.00;0.00;0.00;0.00
;;;;;;;;;;;;0;0;0;0;0;0;0.00;0.00;;;0.00;0.00;0.00;0.00;0.00;0.00
;;;;;;;;;;;;0;0;0;0;0;0;0.00;0.00;;;0.00;0.00;0.00;0.00;0.00;0.00
;;;;;;;;;;;;0;0;0;0;0;0;0.00;0.00;;;0.00;0.00;0.00;0.00;0.00;0.00
;;;;;;;;;;;;0;0;0;0;0;0;0.00;0.00;;;0.00;0.00;0.00;0.00;0.00;0.00
;;;;;;;;;;;;0;0;0;0;0;0;0.00;0.00;;;0.00;0.00;0.00;0.00;0.00;0.00
;;;;;;;;;;;;0;0;0;0;0;0;0.00;0.00;;;0.00;0.00;0.00;0.00;0.00;0.00
;;;;;;;;;;;;0;0;0;0;0;0;0.00;0.00;;;0.00;0.00;0.00;0.00;0.00;0.00
;;;;;;;;;;;;0;0;0;0;0;0;0.00;0.00;;;0.00;0.00;0.00;0.00;0.00;0.00
;;;;;;;;;;;;0;0;0;0;0;0;0.00;0.00;;;0.00;0.00;0.00;0.00;0.00;0.00
;;;;;;;;;;;;0;0;0;0;0;0;0.00;0.00;;;0.00;0.00;0.00;0.00;0.00;0.00
;;;;;;;;;;;;0;0;0;0;0;0;0.00;0.00;;;0.00;0.00;0.00;0.00;0.00;0.00
;;;;;;;;;;;;0;0;0;0;0;0;0.00;0.00;;;0.00;0.00;0.00;0.00;0.00;0.00
;;;;;;;;;;;;0;0;0;0;0;0;0.00;0.00;;;0.00;0.00;0.00;0.00;0.00;0.00
;;;;;;;;;;;;0;0;0;0;0;0;0.00;0.00;;;0.00;0.00;0.00;0.00;0.00;0.00
;;;;;;;;;;;;0;0;0;0;0;0;0.00;0.00;;;0.00;0.00;0.00;0.00;0.00;0.00
;;;;;;;;;;;;0;0;0;0;0;0;0.00;0.00;;;0.00;0.00;0.00;0.00;0.00;0.00
;;;;;;;;;;;;0;0;0;0;0;0;0.00;0.00;;;0.00;0.00;0.00;0.00;0.00;0.00
;;;;;;;;;;;;0;0;0;0;0;0;0.00;0.00;;;0.00;0.00;0.00;0.00;0.00;0.00
;;;;;;;;;;;;0;0;0;0;0;0;0.00;0.00;;;0.00;0.00;0.00;0.00;0.00;0.00
;;;;;;;;;;;;0;0;0;0;0;0;0.00;0.00;;;0.00;0.00;0.00;0.00;0.00;0.00
;;;;;;;;;;;;0;0;0;0;0;0;0.00;0.00;;;0.00;0.00;0.00;0.00;0.00;0.00
;;;;;;;;;;;;0;0;0;0;0;0;0.00;0.00;;;0.00;0.00;0.00;0.00;0.00;0.00
;;;;;;;;;;;;0;0;0;0;0;0;0.00;0.00;;;0.00;0.00;0.00;0.00;0.00;0.00
;;;;;;;;;;;;0;0;0;0;0;0;0.00;0.00;;;0.00;0.00;0.00;0.00;0.00;0.00
;;;;;;;;;;;;0;0;0;0;0;0;0.00;0.00;;;0.00;0.00;0.00;0.00;0.00;0.00
;;;;;;;;;;;;0;0;0;0;0;0;0.00;0.00;;;0.00;0.00;0.00;0.00;0.00;0.00
;;;;;;;;;;;;0;0;0;0;0;0;0.00;0.00;;;0.00;0.00;0.00;0.00;0.00;0.00
;;;;;;;;;;;;0;0;0;0;0;0;0.00;0.00;;;0.00;0.00;0.00;0.00;0.00;0.00
;;;;;;;;;;;;0;0;0;0;0;0;0.00;0.00;;;0.00;0.00;0.00;0.00;0.00;0.00
;;;;;;;;;;;;0;0;0;0;0;0;0.00;0.00;;;0.00;0.00;0.00;0.00;0.00;0.00
;;;;;;;;;;;;0;0;0;0;0;0;0.00;0.00;;;0.00;0.00;0.00;0.00;0.00;0.00
;;;;;;;;;;;;0;0;0;0;0;0;0.00;0.00;;;0.00;0.00;0.00;0.00;0.00;0.00
;;;;;;;;;;;;0;0;0;0;0;0;0.00;0.00;;;0.00;0.00;0.00;0.00;0.00;0.00
;;;;;;;;;;;;0;0;0;0;0;0;0.00;0.00;;;0.00;0.00;0.00;0.00;0.00;0.00
;;;;;;;;;;;;0;0;0;0;0;0;0.00;0.00;;;0.00;0.00;0.00;0.00;0.00;0.00
;;;;;;;;;;;;0;0;0;0;0;0;0.00;0.00;;;0.00;0.00;0.00;0.00;0.00;0.00
;;;;;;;;;;;;0;0;0;0;0;0;0.00;0.00;;;0.00;0.00;0.00;0.00;0.00;0.00
;;;;;;;;;;;;0;0;0;0;0;0;0.00;0.00;;;0.00;0.00;0.00;0.00;0.00;0.00
;;;;;;;;;;;;0;0;0;0;0;0;0.00;0.00;;;0.00;0.00;0.00;0.00;0.00;0.00
;;;;;;;;;;;;0;0;0;0;0;0;0.00;0.00;;;0.00;0.00;0.00;0.00;0.00;0.00
;;;;;;;;;;;;0;0;0;0;0;0;0.00;0.00;;;0.00;0.00;0.00;0.00;0.00;0.00
;;;;;;;;;;;;0;0;0;0;0;0;0.00;0.00;;;0.00;0.00;0.00;0.00;0.00;0.00
;;;;;;;;;;;;0;0;0;0;0;0;0.00;0.00;;;0.00;0.00;0.00;0.00;0.00;0.00
;;;;;;;;;;;;0;0;0;0;0;0;0.00;0.00;;;0.00;0.00;0.00;0.00;0.00;0.00
;;;;;;;;;;;;0;0;0;0;0;0;0.00;0.00;;;0.00;0.00;0.00;0.00;0.00;0.00
;;;;;;;;;;;;0;0;0;0;0;0;0.00;0.00;;;0.00;0.00;0.00;0.00;0.00;0.00
;;;;;;;;;;;;0;0;0;0;0;0;0.00;0.00;;;0.00;0.00;0.00;0.00;0.00;0.00
;;;;;;;;;;;;0;0;0;0;0;0;0.00;0.00;;;0.00;0.00;0.00;0.00;0.00;0.00
;;;;;;;;;;;;0;0;0;0;0;0;0.00;0.00;;;0.00;0.00;0.00;0.00;0.00;0.00
;;;;;;;;;;;;0;0;0;0;0;0;0.00;0.00;;;0.00;0.00;0.00;0.00;0.00;0.00
;;;;;;;;;;;;0;0;0;0;0;0;0.00;0.00;;;0.00;0.00;0.00;0.00;0.00;0.00
;;;;;;;;;;;;0;0;0;0;0;0;0.00;0.00;;;0.00;0.00;0.00;0.00;0.00;0.00
;;;;;;;;;;;;0;0;0;0;0;0;0.00;0.00;;;0.00;0.00;0.00;0.00;0.00;0.00
;;;;;;;;;;;;0;0;0;0;0;0;0.00;0.00;;;0.00;0.00;0.00;0.00;0.00;0.00
;;;;;;;;;;;;0;0;0;0;0;0;0.00;0.00;;;0.00;0.00;0.00;0.00;0.00;0.00
;;;;;;;;;;;;0;0;0;0;0;0;0.00;0.00;;;0.00;0.00;0.00;0.00;0.00;0.00
;;;;;;;;;;;;0;0;0;0;0;0;0.00;0.00;;;0.00;0.00;0.00;0.00;0.00;0.00
;;;;;;;;;;;;0;0;0;0;0;0;0.00;0.00;;;0.00;0.00;0.00;0.00;0.00;0.00
;;;;;;;;;;;;0;0;0;0;0;0;0.00;0.00;;;0.00;0.00;0.00;0.00;0.00;0.00
;;;;;;;;;;;;0;0;0;0;0;0;0.00;0.00;;;0.00;0.00;0.00;0.00;0.00;0.00
;;;;;;;;;;;;0;0;0;0;0;0;0.00;0.00;;;0.00;0.00;0.00;0.00;0.00;0.00
;;;;;;;;;;;;0;0;0;0;0;0;0.00;0.00;;;0.00;0.00;0.00;0.00;0.00;0.00
;;;;;;;;;;;;0;0;0;0;0;0;0.00;0.00;;;0.00;0.00;0.00;0.00;0.00;0.00
;;;;;;;;;;;;0;0;0;0;0;0;0.00;0.00;;;0.00;0.00;0.00;0.00;0.00;0.00
;;;;;;;;;;;;0;0;0;0;0;0;0.00;0.00;;;0.00;0.00;0.00;0.00;0.00;0.00
;;;;;;;;;;;;0;0;0;0;0;0;0.00;0.00;;;0.00;0.00;0.00;0.00;0.00;0.00
;;;;;;;;;;;;0;0;0;0;0;0;0.00;0.00;;;0.00;0.00;0.00;0.00;0.00;0.00
;;;;;;;;;;;;0;0;0;0;0;0;0.00;0.00;;;0.00;0.00;0.00;0.00;0.00;0.00
;;;;;;;;;;;;0;0;0;0;0;0;0.00;0.00;;;0.00;0.00;0.00;0.00;0.00;0.00
;;;;;;;;;;;;0;0;0;0;0;0;0.00;0.00;;;0.00;0.00;0.00;0.00;0.00;0.00
;;;;;;;;;;;;0;0;0;0;0;0;0.00;0.00;;;0.00;0.00;0.00;0.00;0.00;0.00
;;;;;;;;;;;;0;0;0;0;0;0;0.00;0.00;;;0.00;0.00;0.00;0.00;0.00;0.00
;;;;;;;;;;;;0;0;0;0;0;0;0.00;0.00;;;0.00;0.00;0.00;0.00;0.00;0.00
;;;;;;;;;;;;0;0;0;0;0;0;0.00;0.00;;;0.00;0.00;0.00;0.00;0.00;0.00
;;;;;;;;;;;;0;0;0;0;0;0;0.00;0.00;;;0.00;0.00;0.00;0.00;0.00;0.00
;;;;;;;;;;;;0;0;0;0;0;0;0.00;0.00;;;0.00;0.00;0.00;0.00;0.00;0.00
;;;;;;;;;;;;0;0;0;0;0;0;0.00;0.00;;;0.00;0.00;0.00;0.00;0.00;0.00
;;;;;;;;;;;;0;0;0;0;0;0;0.00;0.00;;;0.00;0.00;0.00;0.00;0.00;0.00
;;;;;;;;;;;;0;0;0;0;0;0;0.00;0.00;;;0.00;0.00;0.00;0.00;0.00;0.00
;;;;;;;;;;;;0;0;0;0;0;0;0.00;0.00;;;0.00;0.00;0.00;0.00;0.00;0.00
;;;;;;;;;;;;0;0;0;0;0;0;0.00;0.00;;;0.00;0.00;0.00;0.00;0.00;0.00
;;;;;;;;;;;;0;0;0;0;0;0;0.00;0.00;;;0.00;0.00;0.00;0.00;0.00;0.00
;;;;;;;;;;;;0;0;0;0;0;0;0.00;0.00;;;0.00;0.00;0.00;0.00;0.00;0.00
;;;;;;;;;;;;0;0;0;0;0;0;0.00;0.00;;;0.00;0.00;0.00;0.00;0.00;0.00
;;;;;;;;;;;;0;0;0;0;0;0;0.00;0.00;;;0.00;0.00;0.00;0.00;0.00;0.00
;;;;;;;;;;;;0;0;0;0;0;0;0.00;0.00;;;0.00;0.00;0.00;0.00;0.00;0.00
;;;;;;;;;;;;0;0;0;0;0;0;0.00;0.00;;;0.00;0.00;0.00;0.00;0.00;0.00
;;;;;;;;;;;;0;0;0;0;0;0;0.00;0.00;;;0.00;0.00;0.00;0.00;0.00;0.00
;;;;;;;;;;;;0;0;0;0;0;0;0.00;0.00;;;0.00;0.00;0.00;0.00;0.00;0.00
;;;;;;;;;;;;0;0;0;0;0;0;0.00;0.00;;;0.00;0.00;0.00;0.00;0.00;0.00
;;;;;;;;;;;;0;0;0;0;0;0;0.00;0.00;;;0.00;0.00;0.00;0.00;0.00;0.00
;;;;;;;;;;;;0;0;0;0;0;0;0.00;0.00;;;0.00;0.00;0.00;0.00;0.00;0.00
;;;;;;;;;;;;0;0;0;0;0;0;0.00;0.00;;;0.00;0.00;0.00;0.00;0.00;0.00
;;;;;;;;;;;;0;0;0;0;0;0;0.00;0.00;;;0.00;0.00;0.00;0.00;0.00;0.00
;;;;;;;;;;;;0;0;0;0;0;0;0.00;0.00;;;0.00;0.00;0.00;0.00;0.00;0.00
;;;;;;;;;;;;0;0;0;0;0;0;0.00;0.00;;;0.00;0.00;0.00;0.00;0.00;0.00
;;;;;;;;;;;;0;0;0;0;0;0;0.00;0.00;;;0.00;0.00;0.00;0.00;0.00;0.00
;;;;;;;;;;;;0;0;0;0;0;0;0.00;0.00;;;0.00;0.00;0.00;0.00;0.00;0.00
;;;;;;;;;;;;0;0;0;0;0;0;0.00;0.00;;;0.00;0.00;0.00;0.00;0.00;0.00
;;;;;;;;;;;;0;0;0;0;0;0;0.00;0.00;;;0.00;0.00;0.00;0.00;0.00;0.00
;;;;;;;;;;;;0;0;0;0;0;0;0.00;0.00;;;0.00;0.00;0.00;0.00;0.00;0.00
;;;;;;;;;;;;0;0;0;0;0;0;0.00;0.00;;;0.00;0.00;0.00;0.00;0.00;0.00
;;;;;;;;;;;;0;0;0;0;0;0;0.00;0.00;;;0.00;0.00;0.00;0.00;0.00;0.00
;;;;;;;;;;;;0;0;0;0;0;0;0.00;0.00;;;0.00;0.00;0.00;0.00;0.00;0.00
;;;;;;;;;;;;0;0;0;0;0;0;0.00;0.00;;;0.00;0.00;0.00;0.00;0.00;0.00
;;;;;;;;;;;;0;0;0;0;0;0;0.00;0.00;;;0.00;0.00;0.00;0.00;0.00;0.00
;;;;;;;;;;;;0;0;0;0;0;0;0.00;0.00;;;0.00;0.00;0.00;0.00;0.00;0.00
;;;;;;;;;;;;0;0;0;0;0;0;0.00;0.00;;;0.00;0.00;0.00;0.00;0.00;0.00
;;;;;;;;;;;;0;0;0;0;0;0;0.00;0.00;;;0.00;0.00;0.00;0.00;0.00;0.00
;;;;;;;;;;;;0;0;0;0;0;0;0.00;0.00;;;0.00;0.00;0.00;0.00;0.00;0.00
;;;;;;;;;;;;0;0;0;0;0;0;0.00;0.00;;;0.00;0.00;0.00;0.00;0.00;0.00
;;;;;;;;;;;;0;0;0;0;0;0;0.00;0.00;;;0.00;0.00;0.00;0.00;0.00;0.00
;;;;;;;;;;;;0;0;0;0;0;0;0.00;0.00;;;0.00;0.00;0.00;0.00;0.00;0.00
;;;;;;;;;;;;0;0;0;0;0;0;0.00;0.00;;;0.00;0.00;0.00;0.00;0.00;0.00
;;;;;;;;;;;;0;0;0;0;0;0;0.00;0.00;;;0.00;0.00;0.00;0.00;0.00;0.00
;;;;;;;;;;;;0;0;0;0;0;0;0.00;0.00;;;0.00;0.00;0.00;0.00;0.00;0.00
;;;;;;;;;;;;0;0;0;0;0;0;0.00;0.00;;;0.00;0.00;0.00;0.00;0.00;0.00
;;;;;;;;;;;;0;0;0;0;0;0;0.00;0.00;;;0.00;0.00;0.00;0.00;0.00;0.00
;;;;;;;;;;;;0;0;0;0;0;0;0.00;0.00;;;0.00;0.00;0.00;0.00;0.00;0.00
;;;;;;;;;;;;0;0;0;0;0;0;0.00;0.00;;;0.00;0.00;0.00;0.00;0.00;0.00
;;;;;;;;;;;;0;0;0;0;0;0;0.00;0.00;;;0.00;0.00;0.00;0.00;0.00;0.00
;;;;;;;;;;;;0;0;0;0;0;0;0.00;0.00;;;0.00;0.00;0.00;0.00;0.00;0.00
;;;;;;;;;;;;0;0;0;0;0;0;0.00;0.00;;;0.00;0.00;0.00;0.00;0.00;0.00
;;;;;;;;;;;;0;0;0;0;0;0;0.00;0.00;;;0.00;0.00;0.00;0.00;0.00;0.00
;;;;;;;;;;;;0;0;0;0;0;0;0.00;0.00;;;0.00;0.00;0.00;0.00;0.00;0.00
;;;;;;;;;;;;0;0;0;0;0;0;0.00;0.00;;;0.00;0.00;0.00;0.00;0.00;0.00
;;;;;;;;;;;;0;0;0;0;0;0;0.00;0.00;;;0.00;0.00;0.00;0.00;0.00;0.00
;;;;;;;;;;;;0;0;0;0;0;0;0.00;0.00;;;0.00;0.00;0.00;0.00;0.00;0.00
;;;;;;;;;;;;0;0;0;0;0;0;0.00;0.00;;;0.00;0.00;0.00;0.00;0.00;0.00
;;;;;;;;;;;;0;0;0;0;0;0;0.00;0.00;;;0.00;0.00;0.00;0.00;0.00;0.00
;;;;;;;;;;;;0;0;0;0;0;0;0.00;0.00;;;0.00;0.00;0.00;0.00;0.00;0.00
;;;;;;;;;;;;0;0;0;0;0;0;0.00;0.00;;;0.00;0.00;0.00;0.00;0.00;0.00
;;;;;;;;;;;;0;0;0;0;0;0;0.00;0.00;;;0.00;0.00;0.00;0.00;0.00;0.00
;;;;;;;;;;;;0;0;0;0;0;0;0.00;0.00;;;0.00;0.00;0.00;0.00;0.00;0.00
;;;;;;;;;;;;0;0;0;0;0;0;0.00;0.00;;;0.00;0.00;0.00;0.00;0.00;0.00
;;;;;;;;;;;;0;0;0;0;0;0;0.00;0.00;;;0.00;0.00;0.00;0.00;0.00;0.00
;;;;;;;;;;;;0;0;0;0;0;0;0.00;0.00;;;0.00;0.00;0.00;0.00;0.00;0.00
;;;;;;;;;;;;0;0;0;0;0;0;0.00;0.00;;;0.00;0.00;0.00;0.00;0.00;0.00
;;;;;;;;;;;;0;0;0;0;0;0;0.00;0.00;;;0.00;0.00;0.00;0.00;0.00;0.00
;;;;;;;;;;;;0;0;0;0;0;0;0.00;0.00;;;0.00;0.00;0.00;0.00;0.00;0.00
;;;;;;;;;;;;0;0;0;0;0;0;0.00;0.00;;;0.00;0.00;0.00;0.00;0.00;0.00
;;;;;;;;;;;;0;0;0;0;0;0;0.00;0.00;;;0.00;0.00;0.00;0.00;0.00;0.00
;;;;;;;;;;;;0;0;0;0;0;0;0.00;0.00;;;0.00;0.00;0.00;0.00;0.00;0.00
;;;;;;;;;;;;0;0;0;0;0;0;0.00;0.00;;;0.00;0.00;0.00;0.00;0.00;0.00
;;;;;;;;;;;;0;0;0;0;0;0;0.00;0.00;;;0.00;0.00;0.00;0.00;0.00;0.00
;;;;;;;;;;;;0;0;0;0;0;0;0.00;0.00;;;0.00;0.00;0.00;0.00;0.00;0.00
;;;;;;;;;;;;0;0;0;0;0;0;0.00;0.00;;;0.00;0.00;0.00;0.00;0.00;0.00
;;;;;;;;;;;;0;0;0;0;0;0;0.00;0.00;;;0.00;0.00;0.00;0.00;0.00;0.00
;;;;;;;;;;;;0;0;0;0;0;0;0.00;0.00;;;0.00;0.00;0.00;0.00;0.00;0.00
;;;;;;;;;;;;0;0;0;0;0;0;0.00;0.00;;;0.00;0.00;0.00;0.00;0.00;0.00
;;;;;;;;;;;;0;0;0;0;0;0;0.00;0.00;;;0.00;0.00;0.00;0.00;0.00;0.00
;;;;;;;;;;;;0;0;0;0;0;0;0.00;0.00;;;0.00;0.00;0.00;0.00;0.00;0.00
;;;;;;;;;;;;0;0;0;0;0;0;0.00;0.00;;;0.00;0.00;0.00;0.00;0.00;0.00
;;;;;;;;;;;;0;0;0;0;0;0;0.00;0.00;;;0.00;0.00;0.00;0.00;0.00;0.00
;;;;;;;;;;;;0;0;0;0;0;0;0.00;0.00;;;0.00;0.00;0.00;0.00;0.00;0.00
;;;;;;;;;;;;0;0;0;0;0;0;0.00;0.00;;;0.00;0.00;0.00;0.00;0.00;0.00
;;;;;;;;;;;;0;0;0;0;0;0;0.00;0.00;;;0.00;0.00;0.00;0.00;0.00;0.00
;;;;;;;;;;;;0;0;0;0;0;0;0.00;0.00;;;0.00;0.00;0.00;0.00;0.00;0.00
;;;;;;;;;;;;0;0;0;0;0;0;0.00;0.00;;;0.00;0.00;0.00;0.00;0.00;0.00
;;;;;;;;;;;;0;0;0;0;0;0;0.00;0.00;;;0.00;0.00;0.00;0.00;0.00;0.00
;;;;;;;;;;;;0;0;0;0;0;0;0.00;0.00;;;0.00;0.00;0.00;0.00;0.00;0.00
;;;;;;;;;;;;0;0;0;0;0;0;0.00;0.00;;;0.00;0.00;0.00;0.00;0.00;0.00
;;;;;;;;;;;;0;0;0;0;0;0;0.00;0.00;;;0.00;0.00;0.00;0.00;0.00;0.00
;;;;;;;;;;;;0;0;0;0;0;0;0.00;0.00;;;0.00;0.00;0.00;0.00;0.00;0.00
;;;;;;;;;;;;0;0;0;0;0;0;0.00;0.00;;;0.00;0.00;0.00;0.00;0.00;0.00
;;;;;;;;;;;;0;0;0;0;0;0;0.00;0.00;;;0.00;0.00;0.00;0.00;0.00;0.00
;;;;;;;;;;;;0;0;0;0;0;0;0.00;0.00;;;0.00;0.00;0.00;0.00;0.00;0.00
;;;;;;;;;;;;0;0;0;0;0;0;0.00;0.00;;;0.00;0.00;0.00;0.00;0.00;0.00
;;;;;;;;;;;;0;0;0;0;0;0;0.00;0.00;;;0.00;0.00;0.00;0.00;0.00;0.00
;;;;;;;;;;;;0;0;0;0;0;0;0.00;0.00;;;0.00;0.00;0.00;0.00;0.00;0.00
;;;;;;;;;;;;0;0;0;0;0;0;0.00;0.00;;;0.00;0.00;0.00;0.00;0.00;0.00
;;;;;;;;;;;;0;0;0;0;0;0;0.00;0.00;;;0.00;0.00;0.00;0.00;0.00;0.00
;;;;;;;;;;;;0;0;0;0;0;0;0.00;0.00;;;0.00;0.00;0.00;0.00;0.00;0.00
;;;;;;;;;;;;0;0;0;0;0;0;0.00;0.00;;;0.00;0.00;0.00;0.00;0.00;0.00
;;;;;;;;;;;;0;0;0;0;0;0;0.00;0.00;;;0.00;0.00;0.00;0.00;0.00;0.00
;;;;;;;;;;;;0;0;0;0;0;0;0.00;0.00;;;0.00;0.00;0.00;0.00;0.00;0.00
;;;;;;;;;;;;0;0;0;0;0;0;0.00;0.00;;;0.00;0.00;0.00;0.00;0.00;0.00
;;;;;;;;;;;;0;0;0;0;0;0;0.00;0.00;;;0.00;0.00;0.00;0.00;0.00;0.00
;;;;;;;;;;;;0;0;0;0;0;0;0.00;0.00;;;0.00;0.00;0.00;0.00;0.00;0.00
;;;;;;;;;;;;0;0;0;0;0;0;0.00;0.00;;;0.00;0.00;0.00;0.00;0.00;0.00
;;;;;;;;;;;;0;0;0;0;0;0;0.00;0.00;;;0.00;0.00;0.00;0.00;0.00;0.00
;;;;;;;;;;;;0;0;0;0;0;0;0.00;0.00;;;0.00;0.00;0.00;0.00;0.00;0.00
;;;;;;;;;;;;0;0;0;0;0;0;0.00;0.00;;;0.00;0.00;0.00;0.00;0.00;0.00
;;;;;;;;;;;;0;0;0;0;0;0;0.00;0.00;;;0.00;0.00;0.00;0.00;0.00;0.00
;;;;;;;;;;;;0;0;0;0;0;0;0.00;0.00;;;0.00;0.00;0.00;0.00;0.00;0.00
;;;;;;;;;;;;0;0;0;0;0;0;0.00;0.00;;;0.00;0.00;0.00;0.00;0.00;0.00
;;;;;;;;;;;;0;0;0;0;0;0;0.00;0.00;;;0.00;0.00;0.00;0.00;0.00;0.00
;;;;;;;;;;;;0;0;0;0;0;0;0.00;0.00;;;0.00;0.00;0.00;0.00;0.00;0.00
;;;;;;;;;;;;0;0;0;0;0;0;0.00;0.00;;;0.00;0.00;0.00;0.00;0.00;0.00
;;;;;;;;;;;;0;0;0;0;0;0;0.00;0.00;;;0.00;0.00;0.00;0.00;0.00;0.00
;;;;;;;;;;;;0;0;0;0;0;0;0.00;0.00;;;0.00;0.00;0.00;0.00;0.00;0.00
;;;;;;;;;;;;0;0;0;0;0;0;0.00;0.00;;;0.00;0.00;0.00;0.00;0.00;0.00
;;;;;;;;;;;;0;0;0;0;0;0;0.00;0.00;;;0.00;0.00;0.00;0.00;0.00;0.00
;;;;;;;;;;;;0;0;0;0;0;0;0.00;0.00;;;0.00;0.00;0.00;0.00;0.00;0.00
;;;;;;;;;;;;0;0;0;0;0;0;0.00;0.00;;;0.00;0.00;0.00;0.00;0.00;0.00
;;;;;;;;;;;;0;0;0;0;0;0;0.00;0.00;;;0.00;0.00;0.00;0.00;0.00;0.00
;;;;;;;;;;;;0;0;0;0;0;0;0.00;0.00;;;0.00;0.00;0.00;0.00;0.00;0.00
;;;;;;;;;;;;0;0;0;0;0;0;0.00;0.00;;;0.00;0.00;0.00;0.00;0.00;0.00
;;;;;;;;;;;;0;0;0;0;0;0;0.00;0.00;;;0.00;0.00;0.00;0.00;0.00;0.00
;;;;;;;;;;;;0;0;0;0;0;0;0.00;0.00;;;0.00;0.00;0.00;0.00;0.00;0.00
;;;;;;;;;;;;0;0;0;0;0;0;0.00;0.00;;;0.00;0.00;0.00;0.00;0.00;0.00
;;;;;;;;;;;;0;0;0;0;0;0;0.00;0.00;;;0.00;0.00;0.00;0.00;0.00;0.00
;;;;;;;;;;;;0;0;0;0;0;0;0.00;0.00;;;0.00;0.00;0.00;0.00;0.00;0.00
;;;;;;;;;;;;0;0;0;0;0;0;0.00;0.00;;;0.00;0.00;0.00;0.00;0.00;0.00
;;;;;;;;;;;;0;0;0;0;0;0;0.00;0.00;;;0.00;0.00;0.00;0.00;0.00;0.00
;;;;;;;;;;;;0;0;0;0;0;0;0.00;0.00;;;0.00;0.00;0.00;0.00;0.00;0.00
;;;;;;;;;;;;0;0;0;0;0;0;0.00;0.00;;;0.00;0.00;0.00;0.00;0.00;0.00
;;;;;;;;;;;;0;0;0;0;0;0;0.00;0.00;;;0.00;0.00;0.00;0.00;0.00;0.00
;;;;;;;;;;;;0;0;0;0;0;0;0.00;0.00;;;0.00;0.00;0.00;0.00;0.00;0.00
;;;;;;;;;;;;0;0;0;0;0;0;0.00;0.00;;;0.00;0.00;0.00;0.00;0.00;0.00
;;;;;;;;;;;;0;0;0;0;0;0;0.00;0.00;;;0.00;0.00;0.00;0.00;0.00;0.00
;;;;;;;;;;;;0;0;0;0;0;0;0.00;0.00;;;0.00;0.00;0.00;0.00;0.00;0.00
;;;;;;;;;;;;0;0;0;0;0;0;0.00;0.00;;;0.00;0.00;0.00;0.00;0.00;0.00
;;;;;;;;;;;;0;0;0;0;0;0;0.00;0.00;;;0.00;0.00;0.00;0.00;0.00;0.00
;;;;;;;;;;;;0;0;0;0;0;0;0.00;0.00;;;0.00;0.00;0.00;0.00;0.00;0.00
;;;;;;;;;;;;0;0;0;0;0;0;0.00;0.00;;;0.00;0.00;0.00;0.00;0.00;0.00
;;;;;;;;;;;;0;0;0;0;0;0;0.00;0.00;;;0.00;0.00;0.00;0.00;0.00;0.00
;;;;;;;;;;;;0;0;0;0;0;0;0.00;0.00;;;0.00;0.00;0.00;0.00;0.00;0.00
;;;;;;;;;;;;0;0;0;0;0;0;0.00;0.00;;;0.00;0.00;0.00;0.00;0.00;0.00
;;;;;;;;;;;;0;0;0;0;0;0;0.00;0.00;;;0.00;0.00;0.00;0.00;0.00;0.00
;;;;;;;;;;;;0;0;0;0;0;0;0.00;0.00;;;0.00;0.00;0.00;0.00;0.00;0.00
;;;;;;;;;;;;0;0;0;0;0;0;0.00;0.00;;;0.00;0.00;0.00;0.00;0.00;0.00
;;;;;;;;;;;;0;0;0;0;0;0;0.00;0.00;;;0.00;0.00;0.00;0.00;0.00;0.00
;;;;;;;;;;;;0;0;0;0;0;0;0.00;0.00;;;0.00;0.00;0.00;0.00;0.00;0.00
;;;;;;;;;;;;0;0;0;0;0;0;0.00;0.00;;;0.00;0.00;0.00;0.00;0.00;0.00
;;;;;;;;;;;;0;0;0;0;0;0;0.00;0.00;;;0.00;0.00;0.00;0.00;0.00;0.00
;;;;;;;;;;;;0;0;0;0;0;0;0.00;0.00;;;0.00;0.00;0.00;0.00;0.00;0.00
;;;;;;;;;;;;0;0;0;0;0;0;0.00;0.00;;;0.00;0.00;0.00;0.00;0.00;0.00
;;;;;;;;;;;;0;0;0;0;0;0;0.00;0.00;;;0.00;0.00;0.00;0.00;0.00;0.00
;;;;;;;;;;;;0;0;0;0;0;0;0.00;0.00;;;0.00;0.00;0.00;0.00;0.00;0.00
;;;;;;;;;;;;0;0;0;0;0;0;0.00;0.00;;;0.00;0.00;0.00;0.00;0.00;0.00
;;;;;;;;;;;;0;0;0;0;0;0;0.00;0.00;;;0.00;0.00;0.00;0.00;0.00;0.00
;;;;;;;;;;;;0;0;0;0;0;0;0.00;0.00;;;0.00;0.00;0.00;0.00;0.00;0.00
;;;;;;;;;;;;0;0;0;0;0;0;0.00;0.00;;;0.00;0.00;0.00;0.00;0.00;0.00
;;;;;;;;;;;;0;0;0;0;0;0;0.00;0.00;;;0.00;0.00;0.00;0.00;0.00;0.00
;;;;;;;;;;;;0;0;0;0;0;0;0.00;0.00;;;0.00;0.00;0.00;0.00;0.00;0.00
;;;;;;;;;;;;0;0;0;0;0;0;0.00;0.00;;;0.00;0.00;0.00;0.00;0.00;0.00
;;;;;;;;;;;;0;0;0;0;0;0;0.00;0.00;;;0.00;0.00;0.00;0.00;0.00;0.00
;;;;;;;;;;;;0;0;0;0;0;0;0.00;0.00;;;0.00;0.00;0.00;0.00;0.00;0.00
;;;;;;;;;;;;0;0;0;0;0;0;0.00;0.00;;;0.00;0.00;0.00;0.00;0.00;0.00
;;;;;;;;;;;;0;0;0;0;0;0;0.00;0.00;;;0.00;0.00;0.00;0.00;0.00;0.00
;;;;;;;;;;;;0;0;0;0;0;0;0.00;0.00;;;0.00;0.00;0.00;0.00;0.00;0.00
;;;;;;;;;;;;0;0;0;0;0;0;0.00;0.00;;;0.00;0.00;0.00;0.00;0.00;0.00
;;;;;;;;;;;;0;0;0;0;0;0;0.00;0.00;;;0.00;0.00;0.00;0.00;0.00;0.00
;;;;;;;;;;;;0;0;0;0;0;0;0.00;0.00;;;0.00;0.00;0.00;0.00;0.00;0.00
;;;;;;;;;;;;0;0;0;0;0;0;0.00;0.00;;;0.00;0.00;0.00;0.00;0.00;0.00
;;;;;;;;;;;;0;0;0;0;0;0;0.00;0.00;;;0.00;0.00;0.00;0.00;0.00;0.00
;;;;;;;;;;;;0;0;0;0;0;0;0.00;0.00;;;0.00;0.00;0.00;0.00;0.00;0.00
;;;;;;;;;;;;0;0;0;0;0;0;0.00;0.00;;;0.00;0.00;0.00;0.00;0.00;0.00
;;;;;;;;;;;;0;0;0;0;0;0;0.00;0.00;;;0.00;0.00;0.00;0.00;0.00;0.00
;;;;;;;;;;;;0;0;0;0;0;0;0.00;0.00;;;0.00;0.00;0.00;0.00;0.00;0.00
;;;;;;;;;;;;0;0;0;0;0;0;0.00;0.00;;;0.00;0.00;0.00;0.00;0.00;0.00
;;;;;;;;;;;;0;0;0;0;0;0;0.00;0.00;;;0.00;0.00;0.00;0.00;0.00;0.00
;;;;;;;;;;;;0;0;0;0;0;0;0.00;0.00;;;0.00;0.00;0.00;0.00;0.00;0.00
;;;;;;;;;;;;0;0;0;0;0;0;0.00;0.00;;;0.00;0.00;0.00;0.00;0.00;0.00
;;;;;;;;;;;;0;0;0;0;0;0;0.00;0.00;;;0.00;0.00;0.00;0.00;0.00;0.00
;;;;;;;;;;;;0;0;0;0;0;0;0.00;0.00;;;0.00;0.00;0.00;0.00;0.00;0.00
;;;;;;;;;;;;0;0;0;0;0;0;0.00;0.00;;;0.00;0.00;0.00;0.00;0.00;0.00
;;;;;;;;;;;;0;0;0;0;0;0;0.00;0.00;;;0.00;0.00;0.00;0.00;0.00;0.00
;;;;;;;;;;;;0;0;0;0;0;0;0.00;0.00;;;0.00;0.00;0.00;0.00;0.00;0.00
;;;;;;;;;;;;0;0;0;0;0;0;0.00;0.00;;;0.00;0.00;0.00;0.00;0.00;0.00
;;;;;;;;;;;;0;0;0;0;0;0;0.00;0.00;;;0.00;0.00;0.00;0.00;0.00;0.00
;;;;;;;;;;;;0;0;0;0;0;0;0.00;0.00;;;0.00;0.00;0.00;0.00;0.00;0.00
;;;;;;;;;;;;0;0;0;0;0;0;0.00;0.00;;;0.00;0.00;0.00;0.00;0.00;0.00
;;;;;;;;;;;;0;0;0;0;0;0;0.00;0.00;;;0.00;0.00;0.00;0.00;0.00;0.00
;;;;;;;;;;;;0;0;0;0;0;0;0.00;0.00;;;0.00;0.00;0.00;0.00;0.00;0.00
;;;;;;;;;;;;0;0;0;0;0;0;0.00;0.00;;;0.00;0.00;0.00;0.00;0.00;0.00
;;;;;;;;;;;;0;0;0;0;0;0;0.00;0.00;;;0.00;0.00;0.00;0.00;0.00;0.00
;;;;;;;;;;;;0;0;0;0;0;0;0.00;0.00;;;0.00;0.00;0.00;0.00;0.00;0.00
;;;;;;;;;;;;0;0;0;0;0;0;0.00;0.00;;;0.00;0.00;0.00;0.00;0.00;0.00
;;;;;;;;;;;;0;0;0;0;0;0;0.00;0.00;;;0.00;0.00;0.00;0.00;0.00;0.00
;;;;;;;;;;;;0;0;0;0;0;0;0.00;0.00;;;0.00;0.00;0.00;0.00;0.00;0.00
;;;;;;;;;;;;0;0;0;0;0;0;0.00;0.00;;;0.00;0.00;0.00;0.00;0.00;0.00
;;;;;;;;;;;;0;0;0;0;0;0;0.00;0.00;;;0.00;0.00;0.00;0.00;0.00;0.00
;;;;;;;;;;;;0;0;0;0;0;0;0.00;0.00;;;0.00;0.00;0.00;0.00;0.00;0.00
;;;;;;;;;;;;0;0;0;0;0;0;0.00;0.00;;;0.00;0.00;0.00;0.00;0.00;0.00
;;;;;;;;;;;;0;0;0;0;0;0;0.00;0.00;;;0.00;0.00;0.00;0.00;0.00;0.00
;;;;;;;;;;;;0;0;0;0;0;0;0.00;0.00;;;0.00;0.00;0.00;0.00;0.00;0.00
;;;;;;;;;;;;0;0;0;0;0;0;0.00;0.00;;;0.00;0.00;0.00;0.00;0.00;0.00
;;;;;;;;;;;;0;0;0;0;0;0;0.00;0.00;;;0.00;0.00;0.00;0.00;0.00;0.00
;;;;;;;;;;;;0;0;0;0;0;0;0.00;0.00;;;0.00;0.00;0.00;0.00;0.00;0.00
;;;;;;;;;;;;0;0;0;0;0;0;0.00;0.00;;;0.00;0.00;0.00;0.00;0.00;0.00
;;;;;;;;;;;;0;0;0;0;0;0;0.00;0.00;;;0.00;0.00;0.00;0.00;0.00;0.00
;;;;;;;;;;;;0;0;0;0;0;0;0.00;0.00;;;0.00;0.00;0.00;0.00;0.00;0.00
;;;;;;;;;;;;0;0;0;0;0;0;0.00;0.00;;;0.00;0.00;0.00;0.00;0.00;0.00
;;;;;;;;;;;;0;0;0;0;0;0;0.00;0.00;;;0.00;0.00;0.00;0.00;0.00;0.00
;;;;;;;;;;;;0;0;0;0;0;0;0.00;0.00;;;0.00;0.00;0.00;0.00;0.00;0.00
;;;;;;;;;;;;0;0;0;0;0;0;0.00;0.00;;;0.00;0.00;0.00;0.00;0.00;0.00
;;;;;;;;;;;;0;0;0;0;0;0;0.00;0.00;;;0.00;0.00;0.00;0.00;0.00;0.00
;;;;;;;;;;;;0;0;0;0;0;0;0.00;0.00;;;0.00;0.00;0.00;0.00;0.00;0.00
;;;;;;;;;;;;0;0;0;0;0;0;0.00;0.00;;;0.00;0.00;0.00;0.00;0.00;0.00
;;;;;;;;;;;;0;0;0;0;0;0;0.00;0.00;;;0.00;0.00;0.00;0.00;0.00;0.00
;;;;;;;;;;;;0;0;0;0;0;0;0.00;0.00;;;0.00;0.00;0.00;0.00;0.00;0.00
;;;;;;;;;;;;0;0;0;0;0;0;0.00;0.00;;;0.00;0.00;0.00;0.00;0.00;0.00
;;;;;;;;;;;;0;0;0;0;0;0;0.00;0.00;;;0.00;0.00;0.00;0.00;0.00;0.00
;;;;;;;;;;;;0;0;0;0;0;0;0.00;0.00;;;0.00;0.00;0.00;0.00;0.00;0.00
;;;;;;;;;;;;0;0;0;0;0;0;0.00;0.00;;;0.00;0.00;0.00;0.00;0.00;0.00
;;;;;;;;;;;;0;0;0;0;0;0;0.00;0.00;;;0.00;0.00;0.00;0.00;0.00;0.00
;;;;;;;;;;;;0;0;0;0;0;0;0.00;0.00;;;0.00;0.00;0.00;0.00;0.00;0.00
;;;;;;;;;;;;0;0;0;0;0;0;0.00;0.00;;;0.00;0.00;0.00;0.00;0.00;0.00
;;;;;;;;;;;;0;0;0;0;0;0;0.00;0.00;;;0.00;0.00;0.00;0.00;0.00;0.00
;;;;;;;;;;;;0;0;0;0;0;0;0.00;0.00;;;0.00;0.00;0.00;0.00;0.00;0.00
;;;;;;;;;;;;0;0;0;0;0;0;0.00;0.00;;;0.00;0.00;0.00;0.00;0.00;0.00
;;;;;;;;;;;;0;0;0;0;0;0;0.00;0.00;;;0.00;0.00;0.00;0.00;0.00;0.00
;;;;;;;;;;;;0;0;0;0;0;0;0.00;0.00;;;0.00;0.00;0.00;0.00;0.00;0.00
;;;;;;;;;;;;0;0;0;0;0;0;0.00;0.00;;;0.00;0.00;0.00;0.00;0.00;0.00
;;;;;;;;;;;;0;0;0;0;0;0;0.00;0.00;;;0.00;0.00;0.00;0.00;0.00;0.00
;;;;;;;;;;;;0;0;0;0;0;0;0.00;0.00;;;0.00;0.00;0.00;0.00;0.00;0.00
;;;;;;;;;;;;0;0;0;0;0;0;0.00;0.00;;;0.00;0.00;0.00;0.00;0.00;0.00
;;;;;;;;;;;;0;0;0;0;0;0;0.00;0.00;;;0.00;0.00;0.00;0.00;0.00;0.00
;;;;;;;;;;;;0;0;0;0;0;0;0.00;0.00;;;0.00;0.00;0.00;0.00;0.00;0.00
;;;;;;;;;;;;0;0;0;0;0;0;0.00;0.00;;;0.00;0.00;0.00;0.00;0.00;0.00
;;;;;;;;;;;;0;0;0;0;0;0;0.00;0.00;;;0.00;0.00;0.00;0.00;0.00;0.00
;;;;;;;;;;;;0;0;0;0;0;0;0.00;0.00;;;0.00;0.00;0.00;0.00;0.00;0.00
;;;;;;;;;;;;0;0;0;0;0;0;0.00;0.00;;;0.00;0.00;0.00;0.00;0.00;0.00
;;;;;;;;;;;;0;0;0;0;0;0;0.00;0.00;;;0.00;0.00;0.00;0.00;0.00;0.00
;;;;;;;;;;;;0;0;0;0;0;0;0.00;0.00;;;0.00;0.00;0.00;0.00;0.00;0.00
;;;;;;;;;;;;0;0;0;0;0;0;0.00;0.00;;;0.00;0.00;0.00;0.00;0.00;0.00
;;;;;;;;;;;;0;0;0;0;0;0;0.00;0.00;;;0.00;0.00;0.00;0.00;0.00;0.00
;;;;;;;;;;;;0;0;0;0;0;0;0.00;0.00;;;0.00;0.00;0.00;0.00;0.00;0.00
;;;;;;;;;;;;0;0;0;0;0;0;0.00;0.00;;;0.00;0.00;0.00;0.00;0.00;0.00
;;;;;;;;;;;;0;0;0;0;0;0;0.00;0.00;;;0.00;0.00;0.00;0.00;0.00;0.00
;;;;;;;;;;;;0;0;0;0;0;0;0.00;0.00;;;0.00;0.00;0.00;0.00;0.00;0.00
;;;;;;;;;;;;0;0;0;0;0;0;0.00;0.00;;;0.00;0.00;0.00;0.00;0.00;0.00
;;;;;;;;;;;;0;0;0;0;0;0;0.00;0.00;;;0.00;0.00;0.00;0.00;0.00;0.00
;;;;;;;;;;;;0;0;0;0;0;0;0.00;0.00;;;0.00;0.00;0.00;0.00;0.00;0.00
;;;;;;;;;;;;0;0;0;0;0;0;0.00;0.00;;;0.00;0.00;0.00;0.00;0.00;0.00
;;;;;;;;;;;;0;0;0;0;0;0;0.00;0.00;;;0.00;0.00;0.00;0.00;0.00;0.00
;;;;;;;;;;;;0;0;0;0;0;0;0.00;0.00;;;0.00;0.00;0.00;0.00;0.00;0.00
;;;;;;;;;;;;0;0;0;0;0;0;0.00;0.00;;;0.00;0.00;0.00;0.00;0.00;0.00
;;;;;;;;;;;;0;0;0;0;0;0;0.00;0.00;;;0.00;0.00;0.00;0.00;0.00;0.00
;;;;;;;;;;;;0;0;0;0;0;0;0.00;0.00;;;0.00;0.00;0.00;0.00;0.00;0.00
;;;;;;;;;;;;0;0;0;0;0;0;0.00;0.00;;;0.00;0.00;0.00;0.00;0.00;0.00
;;;;;;;;;;;;0;0;0;0;0;0;0.00;0.00;;;0.00;0.00;0.00;0.00;0.00;0.00
;;;;;;;;;;;;0;0;0;0;0;0;0.00;0.00;;;0.00;0.00;0.00;0.00;0.00;0.00
;;;;;;;;;;;;0;0;0;0;0;0;0.00;0.00;;;0.00;0.00;0.00;0.00;0.00;0.00
;;;;;;;;;;;;0;0;0;0;0;0;0.00;0.00;;;0.00;0.00;0.00;0.00;0.00;0.00
;;;;;;;;;;;;0;0;0;0;0;0;0.00;0.00;;;0.00;0.00;0.00;0.00;0.00;0.00
;;;;;;;;;;;;0;0;0;0;0;0;0.00;0.00;;;0.00;0.00;0.00;0.00;0.00;0.00
;;;;;;;;;;;;0;0;0;0;0;0;0.00;0.00;;;0.00;0.00;0.00;0.00;0.00;0.00
;;;;;;;;;;;;0;0;0;0;0;0;0.00;0.00;;;0.00;0.00;0.00;0.00;0.00;0.00
;;;;;;;;;;;;0;0;0;0;0;0;0.00;0.00;;;0.00;0.00;0.00;0.00;0.00;0.00
;;;;;;;;;;;;0;0;0;0;0;0;0.00;0.00;;;0.00;0.00;0.00;0.00;0.00;0.00
;;;;;;;;;;;;0;0;0;0;0;0;0.00;0.00;;;0.00;0.00;0.00;0.00;0.00;0.00
;;;;;;;;;;;;0;0;0;0;0;0;0.00;0.00;;;0.00;0.00;0.00;0.00;0.00;0.00
;;;;;;;;;;;;0;0;0;0;0;0;0.00;0.00;;;0.00;0.00;0.00;0.00;0.00;0.00
;;;;;;;;;;;;0;0;0;0;0;0;0.00;0.00;;;0.00;0.00;0.00;0.00;0.00;0.00
;;;;;;;;;;;;0;0;0;0;0;0;0.00;0.00;;;0.00;0.00;0.00;0.00;0.00;0.00
;;;;;;;;;;;;0;0;0;0;0;0;0.00;0.00;;;0.00;0.00;0.00;0.00;0.00;0.00
;;;;;;;;;;;;0;0;0;0;0;0;0.00;0.00;;;0.00;0.00;0.00;0.00;0.00;0.00
;;;;;;;;;;;;0;0;0;0;0;0;0.00;0.00;;;0.00;0.00;0.00;0.00;0.00;0.00
;;;;;;;;;;;;0;0;0;0;0;0;0.00;0.00;;;0.00;0.00;0.00;0.00;0.00;0.00
;;;;;;;;;;;;0;0;0;0;0;0;0.00;0.00;;;0.00;0.00;0.00;0.00;0.00;0.00
;;;;;;;;;;;;0;0;0;0;0;0;0.00;0.00;;;0.00;0.00;0.00;0.00;0.00;0.00
;;;;;;;;;;;;0;0;0;0;0;0;0.00;0.00;;;0.00;0.00;0.00;0.00;0.00;0.00
;;;;;;;;;;;;0;0;0;0;0;0;0.00;0.00;;;0.00;0.00;0.00;0.00;0.00;0.00
;;;;;;;;;;;;0;0;0;0;0;0;0.00;0.00;;;0.00;0.00;0.00;0.00;0.00;0.00
;;;;;;;;;;;;0;0;0;0;0;0;0.00;0.00;;;0.00;0.00;0.00;0.00;0.00;0.00
;;;;;;;;;;;;0;0;0;0;0;0;0.00;0.00;;;0.00;0.00;0.00;0.00;0.00;0.00
;;;;;;;;;;;;0;0;0;0;0;0;0.00;0.00;;;0.00;0.00;0.00;0.00;0.00;0.00
;;;;;;;;;;;;0;0;0;0;0;0;0.00;0.00;;;0.00;0.00;0.00;0.00;0.00;0.00
;;;;;;;;;;;;0;0;0;0;0;0;0.00;0.00;;;0.00;0.00;0.00;0.00;0.00;0.00
;;;;;;;;;;;;0;0;0;0;0;0;0.00;0.00;;;0.00;0.00;0.00;0.00;0.00;0.00
;;;;;;;;;;;;0;0;0;0;0;0;0.00;0.00;;;0.00;0.00;0.00;0.00;0.00;0.00
;;;;;;;;;;;;0;0;0;0;0;0;0.00;0.00;;;0.00;0.00;0.00;0.00;0.00;0.00
;;;;;;;;;;;;0;0;0;0;0;0;0.00;0.00;;;0.00;0.00;0.00;0.00;0.00;0.00
;;;;;;;;;;;;0;0;0;0;0;0;0.00;0.00;;;0.00;0.00;0.00;0.00;0.00;0.00
;;;;;;;;;;;;0;0;0;0;0;0;0.00;0.00;;;0.00;0.00;0.00;0.00;0.00;0.00
;;;;;;;;;;;;0;0;0;0;0;0;0.00;0.00;;;0.00;0.00;0.00;0.00;0.00;0.00
;;;;;;;;;;;;0;0;0;0;0;0;0.00;0.00;;;0.00;0.00;0.00;0.00;0.00;0.00
;;;;;;;;;;;;0;0;0;0;0;0;0.00;0.00;;;0.00;0.00;0.00;0.00;0.00;0.00
;;;;;;;;;;;;0;0;0;0;0;0;0.00;0.00;;;0.00;0.00;0.00;0.00;0.00;0.00
;;;;;;;;;;;;0;0;0;0;0;0;0.00;0.00;;;0.00;0.00;0.00;0.00;0.00;0.00
;;;;;;;;;;;;0;0;0;0;0;0;0.00;0.00;;;0.00;0.00;0.00;0.00;0.00;0.00
;;;;;;;;;;;;0;0;0;0;0;0;0.00;0.00;;;0.00;0.00;0.00;0.00;0.00;0.00
;;;;;;;;;;;;0;0;0;0;0;0;0.00;0.00;;;0.00;0.00;0.00;0.00;0.00;0.00
;;;;;;;;;;;;0;0;0;0;0;0;0.00;0.00;;;0.00;0.00;0.00;0.00;0.00;0.00
;;;;;;;;;;;;0;0;0;0;0;0;0.00;0.00;;;0.00;0.00;0.00;0.00;0.00;0.00
;;;;;;;;;;;;0;0;0;0;0;0;0.00;0.00;;;0.00;0.00;0.00;0.00;0.00;0.00
;;;;;;;;;;;;0;0;0;0;0;0;0.00;0.00;;;0.00;0.00;0.00;0.00;0.00;0.00
;;;;;;;;;;;;0;0;0;0;0;0;0.00;0.00;;;0.00;0.00;0.00;0.00;0.00;0.00
;;;;;;;;;;;;0;0;0;0;0;0;0.00;0.00;;;0.00;0.00;0.00;0.00;0.00;0.00
;;;;;;;;;;;;0;0;0;0;0;0;0.00;0.00;;;0.00;0.00;0.00;0.00;0.00;0.00
;;;;;;;;;;;;0;0;0;0;0;0;0.00;0.00;;;0.00;0.00;0.00;0.00;0.00;0.00
;;;;;;;;;;;;0;0;0;0;0;0;0.00;0.00;;;0.00;0.00;0.00;0.00;0.00;0.00
;;;;;;;;;;;;0;0;0;0;0;0;0.00;0.00;;;0.00;0.00;0.00;0.00;0.00;0.00